Ticker,Sector,LatestQuarter,Beta,TrailingPE,ForwardPE,ReturnOnEquityTTM,PriceToBookRatio,PEGRatio,ProfitMargin,EPS,DividendYield,EVToEBITDA
AAPL,TECHNOLOGY,2023-09-30,1.305,30.41,28.66,1.72,44.63,2.75,0.253,6.13,0.0052,23.52
MSFT,TECHNOLOGY,2023-09-30,0.885,35.86,27.03,0.391,11.05,2.275,0.353,10.31,0.0081,18.55
AMZN,TRADE & SERVICES,2023-09-30,1.175,75.16,43.86,0.125,6.61,11.85,0.0362,1.91,0.0104,19.3
NVDA,MANUFACTURING,2023-07-31,1.694,116.19,39.53,0.402,19.59,4.041,0.316,4.16,0.0003,56.0
GOOGL,TECHNOLOGY,2023-09-30,1.05,25.4,17.79,0.253,4.852,1.34,0.225,5.22,0.0141,12.16
GOOG,TECHNOLOGY,2023-09-30,1.05,25.73,17.83,0.253,4.864,1.344,0.225,5.21,0,12.16
META,TECHNOLOGY,2023-09-30,1.206,28.99,14.95,0.223,2.598,2.635,0.234,11.34,0,7.05
TSLA,MANUFACTURING,2023-09-30,2.281,69.47,28.82,0.225,12.42,1.281,0.112,3.09,0.0183,29.61
BRKB,,,,,,,,,,,,
LLY,LIFE SCIENCES,2023-09-30,0.329,108.67,39.06,0.465,34.06,2.181,0.155,5.5,0.0076,42.04
UNH,FINANCE,2023-09-30,0.637,23.47,21.6,0.253,6.74,1.657,0.0602,23.06,0.0139,16.82
XOM,ENERGY & TRANSPORTATION,2023-09-30,1.058,10.3,9.08,0.212,2.268,1.689,0.117,10.07,0.0366,5.32
JPM,FINANCE,2023-09-30,1.102,8.6,10.38,0.169,1.534,1.166,0.36,17.02,0.0291,-
V,TRADE & SERVICES,2023-09-30,0.946,29.58,25.64,0.465,12.7,1.628,0.529,8.29,0.0085,23.33
JNJ,LIFE SCIENCES,2023-09-30,0.578,27.63,16.89,0.192,6.16,3.793,0.351,5.33,0.0323,15.47
AVGO,MANUFACTURING,2023-07-31,1.125,29.5,13.44,0.648,9.71,0.859,0.393,32.46,0.0192,12.93
PG,LIFE SCIENCES,2023-09-30,0.459,24.58,26.32,0.332,8.38,4.982,0.183,6.16,0.0249,18.39
MA,TRADE & SERVICES,2023-09-30,1.077,34.35,28.99,1.704,54.04,1.334,0.449,11.48,0.0058,27.64
HD,TRADE & SERVICES,2023-07-31,0.936,18.21,19.68,0.206,261.81,1.722,0.105,16.01,0.0287,14.29
CVX,ENERGY & TRANSPORTATION,2023-09-30,1.156,10.61,10.38,0.157,2.047,2.575,0.126,13.47,0.0423,5.2
MRK,LIFE SCIENCES,2023-09-30,0.375,56.33,14.75,0.108,6.36,1.359,0.0777,1.8,0.0288,13.96
ABBV,LIFE SCIENCES,2023-09-30,0.477,38.07,14.39,0.463,18.23,1.279,0.118,3.64,0.0447,13.8
ADBE,TECHNOLOGY,2023-08-31,1.324,53.76,22.22,0.34,10.99,1.481,0.271,11.11,0.0115,22.68
COST,TRADE & SERVICES,2023-08-31,0.776,40.81,33.56,0.275,10.39,3.433,0.026,14.14,0.0071,26.33
WMT,TRADE & SERVICES,2023-07-31,0.532,31.96,22.57,0.163,5.47,3.834,0.0223,5.2,0.0137,17.5
CSCO,TECHNOLOGY,2023-07-31,0.964,16.96,13.89,0.3,5.03,2.35,0.221,3.1,0.03,11.61
PEP,MANUFACTURING,2023-09-30,0.58,27.87,25,0.439,13.31,3.099,0.0905,5.99,0.0289,16.97
KO,MANUFACTURING,2023-09-30,0.592,22.96,25.32,0.412,12.13,3.601,0.239,2.47,0.0324,21.37
CRM,TECHNOLOGY,2023-07-31,1.175,133.52,23.75,0.0267,2.27,1.358,0.0477,1.6,0.0673,32.72
ACN,TRADE & SERVICES,2023-08-31,1.219,29.66,25.58,0.285,8.69,2.975,0.107,10.78,0.0164,18.53
BAC,FINANCE,2023-09-30,1.389,7.75,8.75,0.11,1.077,87.48,0.315,3.57,0.0347,-
TMO,LIFE SCIENCES,2023-09-30,0.813,29.41,24.45,0.133,5.11,4.284,0.137,15.25,0.0031,21.16
LIN,LIFE SCIENCES,2023-09-30,0.894,33.1,25.71,0.155,4.365,2.726,0.184,12.08,0.0128,18.08
PFE,LIFE SCIENCES,2023-09-30,0.579,16.11,10.96,0.111,3.301,1.173,0.153,1.83,0.0556,7.74
MCD,TRADE & SERVICES,2023-09-30,0.699,23.64,26.32,0,-,3.336,0.333,11.33,0.0249,23.03
CMCSA,TECHNOLOGY,2023-09-30,1.061,11.67,9.46,0.18,1.902,0.731,0.125,3.59,0.0277,8.72
AMD,MANUFACTURING,2023-09-30,1.654,1078.09,18.02,0.0038,2.038,0.902,0.0094,0.11,0.0116,18.86
ORCL,TECHNOLOGY,2023-08-31,1.024,33.55,16.39,0.73,47.38,1.517,0.184,3.37,0.0142,16.78
ABT,LIFE SCIENCES,2023-09-30,0.68,31.96,25.13,0.14,5.44,18.76,0.129,2.94,0.0217,15.2
NFLX,TRADE & SERVICES,2023-09-30,1.24,43.47,29.15,0.212,6.89,2.369,0.138,10.01,0,7.23
DIS,TRADE & SERVICES,2023-09-30,1.301,68.43,22.73,0.0306,1.807,0.756,0.0265,1.29,0.0174,17.64
AMGN,LIFE SCIENCES,2023-09-30,0.582,19.01,14.95,1.338,39.6,1.55,0.282,14.06,0.0319,13.85
COP,ENERGY & TRANSPORTATION,2023-09-30,1.292,12.59,8.48,0.231,2.793,0.447,0.181,9.18,0.0198,4.023
WFC,FINANCE,2023-09-30,1.169,8.93,8.29,0.0995,1.029,0.17,0.24,4.58,0.0342,-
INTC,MANUFACTURING,2023-09-30,0.883,-,15.04,-0.016,1.168,12.69,-0.0311,-0.39,0.0129,4.937
INTU,TECHNOLOGY,2023-07-31,1.191,62.89,30.67,0.141,7.32,1.907,0.166,8.41,0.0068,37.14
PM,MANUFACTURING,2023-09-30,0.8,17.42,17.64,0,-,3.549,0.234,5.15,0.058,13.38
TXN,MANUFACTURING,2023-09-30,1.001,19.09,22.73,0.456,11.0,2.985,0.392,7.71,0.0353,13.82
CAT,TECHNOLOGY,2023-09-30,1.08,17.73,15.9,0.492,7.83,1.557,0.115,13.52,0.0219,12.79
DHR,LIFE SCIENCES,2023-09-30,0.831,24.81,25.91,0.119,4.327,3.236,0.2,7.94,0.0055,19.93
VZ,TECHNOLOGY,2023-09-30,0.373,7.19,7.39,0.228,1.798,5.51,0.156,4.97,0.0745,7.19
UNP,ENERGY & TRANSPORTATION,2023-09-30,1.107,20.28,17.95,0.494,11.39,2.105,0.264,10.43,0.0246,13.3
IBM,TECHNOLOGY,2023-09-30,0.762,19.23,15.55,0.328,6.75,1.276,0.113,7.75,0.0446,25.81
HON,MANUFACTURING,2023-09-30,1.053,23.14,23.47,0.301,8.15,2.053,0.149,8.07,0.0231,17.99
QCOM,MANUFACTURING,2023-09-30,1.223,18.43,12.15,0.371,7.57,1.022,0.202,6.74,0.0266,8.44
AMAT,MANUFACTURING,2023-07-31,1.585,19.88,15.97,0.474,7.74,3.775,0.243,7.58,0.0085,11.75
BMY,LIFE SCIENCES,2023-09-30,0.369,12.85,9.97,0.269,5.13,2.437,0.184,3.94,0.0451,10.29
NKE,MANUFACTURING,2023-08-31,1.088,32.75,36.36,0.339,11.02,3.63,0.0982,3.24,0.0128,24.74
GE,MANUFACTURING,2023-09-30,1.197,11.77,18.15,0.35,2.829,0.741,0.119,9.61,0.0028,112.71
SPGI,TRADE & SERVICES,2023-09-30,1.132,51.3,28.25,0.0691,3.102,4.763,0.202,7.68,0.0091,20.9
LOW,TRADE & SERVICES,2023-07-31,1.059,18.84,14.6,0,321.82,1.028,0.0648,10.33,0.0226,13.24
UPS,ENERGY & TRANSPORTATION,2023-09-30,1.103,13.99,14.53,0.473,9.39,2.032,0.0919,9.87,0.0469,9.51
NOW,TECHNOLOGY,2023-09-30,0.994,82.01,45.66,0.271,18.69,1.523,0.187,7.74,0,115.48
NEE,ENERGY & TRANSPORTATION,2023-09-30,0.536,14.55,28.33,0.128,4.478,2.228,0.278,3.79,0.0339,28.52
BKNG,ENERGY & TRANSPORTATION,2023-09-30,1.356,21.74,17.15,0.348,21.21,0.465,0.257,141.41,0.0763,18.64
ELV,FINANCE,2023-09-30,0.851,17.82,15.9,0.165,3.452,1.384,0.0363,25.71,0.0129,-
RTX,MANUFACTURING,2023-09-30,0.705,37.99,19.08,0.0472,2.093,1.851,0.0476,2.17,0.0286,16.4
SBUX,TRADE & SERVICES,2023-09-30,0.976,29.14,30.03,0,-,1.726,0.115,3.58,0.0219,22.09
BA,MANUFACTURING,2023-09-30,1.478,-,29.5,0,-,6.53,-0.0374,-4.7,0.0865,-34.48
T,TECHNOLOGY,2023-09-30,0.708,-,7.28,-0.0776,1.1,4.605,-0.0929,-1.51,0.071,5.34
DE,TECHNOLOGY,2023-07-31,1.081,11.09,15.87,0.474,6.53,1.477,0.164,33.73,0.0144,16.21
ADP,TECHNOLOGY,2023-09-30,0.839,27.1,31.95,1.155,41.87,2.947,0.191,8.43,0.0245,24.22
TJX,TRADE & SERVICES,2023-07-31,0.914,26.74,22.47,0.663,16.17,2.026,0.0777,3.41,0.0146,18.33
PLD,REAL ESTATE & CONSTRUCTION,2023-09-30,1.031,33.3,48.31,0.0653,3.048,4.191,0.369,3.14,0.0333,20.07
GS,FINANCE,2023-09-30,1.429,15.7,9.21,0.0659,1.124,1.253,0.178,20.73,0.0338,-
LMT,MANUFACTURING,2023-09-30,0.6,16.28,17.95,0.656,10.63,3.585,0.103,27.32,0.0283,15.34
GILD,LIFE SCIENCES,2023-09-30,0.336,16.26,13.19,0.269,5.32,0.716,0.214,4.67,0.0395,17.34
ISRG,LIFE SCIENCES,2023-09-30,1.314,65.29,49.26,0.128,8.3,3.273,0.221,4.25,0.0019,45.76
MDT,LIFE SCIENCES,2023-07-31,0.722,26.08,14.88,0.0701,2.02,3.04,0.115,2.71,0.039,13.5
VRTX,LIFE SCIENCES,2023-09-30,0.451,27.69,19.72,0.235,6.15,0.413,0.359,13.31,0.0155,16.84
MMC,FINANCE,2023-09-30,0.958,28.88,23.15,0.328,8.94,3.408,0.156,6.94,0.0142,17.57
MS,FINANCE,2023-09-30,1.377,13.24,11.83,0.0984,1.658,49.29,0.184,5.69,0.0458,-
BLK,FINANCE,2023-09-30,1.294,28.57,20.88,0.14,2.876,13.91,0.307,23.28,0.0301,14.7
SYK,LIFE SCIENCES,2023-09-30,0.944,40.66,25.51,0.15,5.83,2.853,0.13,6.73,0.011,27.89
CVS,TRADE & SERVICES,2023-09-30,0.561,10.36,11.39,0.117,1.872,1.359,0.0244,6.53,0.0358,17.07
PGR,FINANCE,2023-09-30,0.426,34.87,20.04,0.17,5.18,0.915,0.0467,4.6,0.0025,-
AXP,FINANCE,2023-09-30,1.206,14.47,13.85,0.313,4.81,1.15,0.147,10.67,0.0155,-
CI,FINANCE,2023-09-30,0.659,16.53,13.51,0.12,2.272,1.217,0.0279,17.74,0.0168,-
REGN,LIFE SCIENCES,2023-09-30,0.125,22.78,17.79,0.172,3.81,9.01,0.305,35.07,0.0078,12.07
CB,FINANCE,2023-09-30,0.616,13.02,12.25,0.135,1.893,3.952,0.147,17.08,0.0155,-
LRCX,TECHNOLOGY,2023-09-30,1.525,23.26,13.48,0.514,8.61,1.514,0.251,29.47,0.0117,10.71
ADI,MANUFACTURING,2023-07-31,1.166,23.41,17.06,0.103,2.398,1.526,0.292,7.36,0.02,16.54
UBER,TRADE & SERVICES,2023-09-30,1.226,99.19,400,0.118,8.77,None,0.0293,0.52,0,-8.03
SLB,ENERGY & TRANSPORTATION,2023-09-30,1.79,18.51,17.73,0.226,4.158,0.717,0.13,2.88,0.0188,12.86
MDLZ,MANUFACTURING,2023-09-30,0.667,20.69,19.3,0.167,3.026,2.841,0.13,3.34,0.0246,17.83
ETN,TECHNOLOGY,2023-09-30,1.07,29.66,19.42,0.174,3.994,2.11,0.132,7.48,0.0155,19.39
ZTS,LIFE SCIENCES,2023-09-30,0.823,34.48,30.12,0.468,15.17,3.526,0.272,4.91,0.0089,23.1
C,FINANCE,2023-09-30,1.553,6.68,6.67,0.0671,0.496,0.717,0.187,6.3,0.0494,-
CME,FINANCE,2023-09-30,0.459,25.91,21.83,0.108,2.277,4.693,0.571,8.38,0.0203,16.41
EOG,ENERGY & TRANSPORTATION,2023-09-30,1.513,9.1,7.87,0.305,2.997,2.465,0.332,13.48,0.03,5.38
PANW,TECHNOLOGY,2023-07-31,1.125,199.61,49.26,0.449,95.37,1.586,0.0638,1.27,0,218.15
AMT,REAL ESTATE & CONSTRUCTION,2023-09-30,0.633,123.35,48.78,0.0541,16.3,3.572,0.0646,1.49,0.0353,20.26
MO,MANUFACTURING,2023-09-30,0.692,8.17,9.51,0,27.3,6.31,0.426,4.9,0.098,12.99
SCHW,FINANCE,2023-09-30,0.94,18.14,15.65,0.16,5.4,0.814,0.301,3,0.0184,-
MU,MANUFACTURING,2023-08-31,1.304,-,454.55,-0.124,1.193,1.115,-0.375,-5.34,0.0061,3.421
TMUS,TECHNOLOGY,2023-09-30,0.53,22.92,19.16,0.115,2.525,0.469,0.0993,6.44,0.0044,14.69
SNPS,TECHNOLOGY,2023-07-31,1.078,78.14,32.79,0.176,9.0,1.846,0.187,6.64,0.0163,34.74
BX,FINANCE,2023-09-30,1.453,41.27,14.51,0.16,7.8,1.267,0.218,2.39,0.0337,-
BDX,LIFE SCIENCES,2023-09-30,0.569,46.1,20.58,0.0647,2.848,2.314,0.0874,5.09,0.0162,19.74
SO,ENERGY & TRANSPORTATION,2023-09-30,0.552,24.85,18.98,0.0821,2.478,2.917,0.116,2.74,0.0408,13.3
BSX,LIFE SCIENCES,2023-09-30,0.771,62.88,24.27,0.0668,3.831,2.531,0.0893,0.82,0.0194,30.6
NOC,MANUFACTURING,2023-09-30,0.424,15.24,22.12,0.313,5.87,10.54,0.121,30.39,0.0161,11.1
ITW,TECHNOLOGY,2023-09-30,1.155,22.57,24.33,1.046,22.86,2.304,0.196,10.3,0.0241,18.36
EQIX,REAL ESTATE & CONSTRUCTION,2023-09-30,0.618,82.68,72.46,0.0755,5.84,3.328,0.116,9.28,0.0222,27.26
DUK,ENERGY & TRANSPORTATION,2023-09-30,0.455,18.66,18.18,0.0736,1.644,3.623,0.0417,4.73,0.046,12.69
FI,TECHNOLOGY,2023-09-30,0.893,25.42,357.14,0.0988,1.14,0.24,0.159,4.78,0.004,55.58
CDNS,TECHNOLOGY,2023-09-30,1.041,73.06,35.21,0.329,16.76,2.072,0.244,3.58,0.0043,38.57
KLAC,LIFE SCIENCES,2023-09-30,1.344,23.86,14.6,1.219,36.29,1.595,0.305,22.39,0.0109,13.42
AON,FINANCE,2023-09-30,0.927,25.38,21.37,0.576,89.18,1.772,0.207,13.16,0.0074,17.76
WM,ENERGY & TRANSPORTATION,2023-09-30,0.721,30.4,26.74,0.33,9.75,2.639,0.115,5.65,0.0163,15.61
APD,LIFE SCIENCES,2023-09-30,0.867,25.65,27.55,0.159,5.31,1.918,0.183,10.35,0.0265,17.72
HUM,FINANCE,2023-09-30,0.614,20.41,18.66,0.18,4.155,1.283,0.0295,24.16,0.0072,-
MPC,ENERGY & TRANSPORTATION,2023-09-30,1.56,5.47,7.84,0.387,1.977,0.186,0.0756,26.52,0.0227,3.17
MCK,TRADE & SERVICES,2023-09-30,0.555,18.56,14.24,0,5.04,0.617,0.012,25.29,0.0053,14.26
PYPL,TRADE & SERVICES,2023-09-30,1.376,16.35,15.15,0.188,4.086,1.473,0.129,3.35,0,18.15
ICE,FINANCE,2023-09-30,0.985,25.47,17.86,0.104,2.579,2.326,0.32,4.31,0.0153,15.25
CSX,ENERGY & TRANSPORTATION,2023-09-30,1.203,16.24,17.01,0.31,5.34,2.296,0.262,1.89,0.0143,11.3
GD,MANUFACTURING,2023-09-30,0.76,20.36,17.79,0.176,3.873,1.917,0.0797,11.96,0.0217,15.21
SHW,TRADE & SERVICES,2023-09-30,1.08,27.41,23.81,0.758,24.81,2.053,0.105,9.33,0.0095,23.07
CL,LIFE SCIENCES,2023-09-30,0.445,39.49,25.13,2.382,106.54,3.742,0.0829,1.91,0.0255,20.7
PXD,ENERGY & TRANSPORTATION,2023-09-30,1.406,11.14,7.95,0.224,2.331,1.033,0.262,20.97,0.0598,4.873
FDX,ENERGY & TRANSPORTATION,2023-08-31,1.353,15.01,11.59,0.162,1.784,1.22,0.0471,16.39,0.0196,8.07
XTSLA,,,,,,,,,,,,
ORLY,TRADE & SERVICES,2023-09-30,0.83,26.25,21.98,0.586,210.18,1.836,0.149,37.57,0.0328,17.43
EMR,MANUFACTURING,2023-09-30,1.375,23.25,23.92,0.0991,5.49,2.304,0.872,3.72,0.0243,12.3
ROP,LIFE SCIENCES,2023-09-30,1.018,44.85,27.7,0.0802,3.358,2.287,0.488,11.53,0.0058,22.81
TGT,TRADE & SERVICES,2023-07-31,1.04,14.64,15.24,0.299,6.37,3.194,0.0312,7.4,0.0412,11.71
PSX,ENERGY & TRANSPORTATION,2023-09-30,1.337,6.85,8.95,0.244,1.641,0.731,0.0511,16.55,0.037,3.774
FCX,ENERGY & TRANSPORTATION,2023-09-30,2.052,22.45,24.81,0.146,3.769,0.2,0.095,1.5,0.0178,5.96
MCO,TRADE & SERVICES,2023-09-30,1.284,41.82,30.96,0.524,24.18,6.23,0.264,8.24,0.0089,24.27
ABNB,TRADE & SERVICES,2023-09-30,1.261,14.37,30.67,0.745,10.74,None,0.569,8.22,0,28.41
PH,MANUFACTURING,2023-09-30,1.489,23.25,15.43,0.243,4.352,1.693,0.119,18.04,0.0141,20.74
AJG,FINANCE,2023-09-30,0.7,47.84,21.79,0.119,4.717,2.09,0.123,5.19,0.0089,21.31
USB,FINANCE,2023-09-30,1.042,10.21,8.57,0.109,1.627,0.84,0.224,3.35,0.0561,-
CMG,TRADE & SERVICES,2023-09-30,1.329,50.25,35.46,0.449,18.18,1.208,0.123,42.2,0.019,34.25
MMM,LIFE SCIENCES,2023-09-30,0.98,-,11.92,-0.782,4.95,2.314,-0.226,-13.31,0.0646,8.52
SNOW,TECHNOLOGY,2023-07-31,0.77,-,344.83,-0.161,8.87,1.913,-0.352,-2.66,0,-62.84
HCA,LIFE SCIENCES,2023-09-30,1.663,11.49,13.44,0.214,293.44,1.366,0.0905,20.26,0.0103,8.61
AFL,FINANCE,2023-09-30,0.893,11.16,12.8,0.187,1.812,0.93,0.227,7.3,0.0245,-
MAR,REAL ESTATE & CONSTRUCTION,2023-09-30,1.58,20.95,20.04,0.145,47.45,0.682,0.475,9.43,0.0105,17.38
APH,MANUFACTURING,2023-09-30,1.264,27.94,25.77,0.266,7.4,2.861,0.154,3.1,0.0102,17.82
MSI,MANUFACTURING,2023-09-30,0.916,31.45,23.53,0.253,-,1.948,0.173,9.89,0.0113,24.42
ANET,TECHNOLOGY,2023-09-30,1.124,34.36,23.81,0.349,9.13,1.098,0.34,6.02,0,26.85
PNC,FINANCE,2023-09-30,1.124,8.36,9.12,0.131,1.292,0.415,0.298,14.4,0.0507,-
F,MANUFACTURING,2023-09-30,1.69,6.44,7.35,0.141,1.287,0.383,0.0354,1.53,0.0609,7.04
TT,LIFE SCIENCES,2023-09-30,1.201,26.31,22.22,0.318,6.94,2.47,0.113,8.57,0.0133,17.18
AZO,TRADE & SERVICES,2023-08-31,0.648,20.41,18.83,0,-,1.373,0.145,132.41,0.0196,14.46
CHTR,TECHNOLOGY,2023-09-30,1.142,13.39,9.92,0.4,6.6,0.3,0.086,30.61,0,7.57
APO,FINANCE,2023-09-30,1.637,32.3,9.95,0.259,9.74,1.37,0.0652,2.63,0.0202,13.12
NSC,ENERGY & TRANSPORTATION,2023-09-30,1.293,21.54,17.83,0.163,4.594,2.192,0.17,9.14,0.0274,12.35
ADSK,TECHNOLOGY,2023-07-31,1.456,52.38,27.25,0.898,47.65,1.079,0.168,4.02,0.0196,43.62
MRVL,MANUFACTURING,2023-07-31,1.42,-,18.21,-0.0245,2.339,1.115,-0.0674,-0.44,0.0044,24.07
TDG,MANUFACTURING,2023-09-30,1.391,45.05,29.33,0,-,1.264,0.197,22.03,0.0028,20.75
OXY,ENERGY & TRANSPORTATION,2023-09-30,1.727,13.29,8.52,0.187,3.053,1.218,0.185,4.59,0.0118,4.041
HES,ENERGY & TRANSPORTATION,2023-09-30,1.538,29.75,13.18,0.208,5.27,0.359,0.143,4.76,0.0124,8.74
CTAS,MANUFACTURING,2023-08-31,1.284,40.17,36.9,0.378,14.44,3.074,0.154,13.28,0.0101,24.43
VLO,ENERGY & TRANSPORTATION,2023-09-30,1.564,4.184,6.18,0.431,2.107,0.213,0.0739,29.32,0.0333,3.502
AIG,FINANCE,2023-09-30,1.049,11.08,9.95,0.116,1.193,0.549,0.0828,5.76,0.0226,-
CARR,TECHNOLOGY,2023-09-30,1.285,36.52,16.89,0.16,5.08,1.663,0.0543,1.41,0.0144,8.62
SRE,ENERGY & TRANSPORTATION,2023-09-30,0.748,16.28,18.28,0.101,1.969,3.488,0.166,4.32,0.0338,15.89
LNG,ENERGY & TRANSPORTATION,2023-09-30,0.97,3.401,6.91,0.86,28.35,0.805,0.508,50.46,0.0101,-94.76
PCAR,MANUFACTURING,2023-09-30,0.916,11.27,13.28,0.284,2.772,1.406,0.12,7.83,0.0118,10.41
WMB,ENERGY & TRANSPORTATION,2023-09-30,1.171,15.3,18.83,0.207,3.641,1.545,0.263,2.28,0.0513,11.51
EW,LIFE SCIENCES,2023-09-30,1.023,27.44,30.12,0.221,7.54,3.065,0.246,2.34,0.0223,23.19
WDAY,TECHNOLOGY,2023-07-31,1.244,-,37.31,-0.0213,8.52,1.694,-0.0181,-0.48,0,250.31
PSA,REAL ESTATE & CONSTRUCTION,2023-09-30,0.497,22.42,26.6,0.21,9.29,2.744,0.474,10.92,0.049,11.3
WELL,REAL ESTATE & CONSTRUCTION,2023-09-30,1.072,162.23,26.11,0.0123,1.66,0.603,0.0399,0.53,0.0284,23.24
LULU,MANUFACTURING,2023-07-31,1.339,52.36,28.41,0.315,13.69,1.405,0.114,7.9,0,22.63
MCHP,MANUFACTURING,2023-09-30,1.598,17.01,13.12,0.385,6.86,1.638,0.281,4.56,0.0205,13.64
ECL,LIFE SCIENCES,2023-09-30,1.048,41.28,30.12,0.168,6.07,2.013,0.0818,4.31,0.0119,20.55
CCI,REAL ESTATE & CONSTRUCTION,2023-09-30,0.673,26.72,35.97,0.216,7.88,3.352,0.22,3.58,0.0655,22.23
GM,MANUFACTURING,2023-09-30,1.49,3.771,6.29,0.133,0.835,1.073,0.0583,7.12,0.0134,5.78
KMB,MANUFACTURING,2023-09-30,0.396,23.24,22.17,2.483,107.43,4.012,0.0863,5.2,0.0391,17.26
MET,FINANCE,2023-09-30,1.062,-,8.83,-0.0068,2.279,5.19,-0.003,-0.4,0.0344,-
ODFL,ENERGY & TRANSPORTATION,2023-09-30,1.077,34.9,24.45,0.326,9.07,1.894,0.212,11.25,0.0042,15.59
EXC,ENERGY & TRANSPORTATION,2023-09-30,0.638,18.34,18.08,0.0856,1.731,2.509,0.102,2.15,0.0365,7.53
MSCI,TRADE & SERVICES,2023-09-30,1.106,42.93,38.91,0,-,3.197,0.398,11.98,0.0107,32.77
CRWD,TECHNOLOGY,2023-07-31,0.927,-,54.64,-0.0608,20.52,1.339,-0.0354,-0.39,0,-766.86
CPRT,TRADE & SERVICES,2023-07-31,1.188,38.07,25.51,0.233,6.13,1.14,0.32,1.28,0.0132,19.08
ADM,MANUFACTURING,2023-09-30,0.836,10.08,14.45,0.158,2.124,16.43,0.0406,7.19,0.0248,9.31
KKR,FINANCE,2023-09-30,1.501,23.19,11.67,0.056,2.602,2.812,0.164,2.74,0.0104,58.24
HLT,REAL ESTATE & CONSTRUCTION,2023-09-30,1.204,32.69,22.83,0,-,0.619,0.305,4.95,0.0037,21.18
CNC,FINANCE,2023-09-30,0.49,15.94,13.07,0.0957,1.852,0.98,0.0175,4.51,0.0159,10.65
VMW,TECHNOLOGY,2023-07-31,0.825,45.08,16.05,1.061,65.74,1.943,0.105,3.32,0.0536,18.47
ON,MANUFACTURING,2023-09-30,1.836,13.58,14.18,0.338,4.913,0.901,0.267,4.96,0.0328,10.48
AEP,ENERGY & TRANSPORTATION,2023-09-30,0.496,17.82,18.62,0.0906,2.085,3.045,0.117,4.36,0.0453,12.14
FTNT,TECHNOLOGY,2023-09-30,1.138,35.29,39.37,0.79,231.83,1.986,0.223,1.44,0.0178,45.53
PAYX,TRADE & SERVICES,2023-08-31,0.967,26.17,29.76,0.475,14.09,3.41,0.314,4.41,0.0308,20.89
HAL,ENERGY & TRANSPORTATION,2023-09-30,2.14,13.16,12.95,0.316,4.355,0.927,0.115,2.91,0.0167,13.1
TRV,FINANCE,2023-09-30,0.594,18.35,12.55,0.11,2.186,1.53,0.0545,9.26,0.0235,-
BIIB,LIFE SCIENCES,2023-09-30,0.096,22.32,18.45,0.107,3.258,36.19,0.146,10.07,0.0371,10.36
ROST,TRADE & SERVICES,2023-07-31,1.003,26.18,23.04,0.374,9.75,2.596,0.0836,4.71,0.0109,18.0
TFC,FINANCE,2023-09-30,1.092,7.38,7.89,0.0932,1.035,0.877,0.259,3.98,0.0708,-
STZ,MANUFACTURING,2023-08-31,1.048,28.09,18.76,0.159,4.706,2.355,0.155,8.52,0.0149,41.97
CEG,ENERGY & TRANSPORTATION,2023-09-30,None,23.37,20.92,0.142,2.75,0.861,0.064,5.21,0.0093,16.1
NUE,MANUFACTURING,2023-09-30,1.656,7.72,10.1,0.266,2.143,0.75,0.14,19.76,0.0134,3.187
GIS,MANUFACTURING,2023-08-31,0.254,15.92,20.92,0.231,4.818,3.106,0.121,4.1,0.0362,15.6
IQV,TRADE & SERVICES,2023-09-30,1.418,32.18,18.59,0.2,7.24,1.475,0.0751,6.09,0,17.39
DLR,REAL ESTATE & CONSTRUCTION,2023-09-30,0.545,44.7,62.11,0.0477,1.842,1.95,0.174,2.88,0.0379,14.33
COF,FINANCE,2023-09-30,1.472,7.82,5.55,0.104,0.725,0.616,0.205,13.37,0.023,-
EA,TECHNOLOGY,2023-09-30,0.797,36.68,15.65,0.129,4.413,0.865,0.131,3.62,0.0057,18.2
MNST,MANUFACTURING,2023-09-30,0.83,37.35,32.79,0.213,7.66,3.395,0.226,1.48,0.0025,29.84
JCI,TRADE & SERVICES,2023-06-30,1.283,17.2,18.87,0.131,2.809,1.235,0.0775,2.98,0.0289,19.03
BKR,TECHNOLOGY,2023-09-30,1.446,20.56,16.29,0.115,1.919,1.317,0.0686,1.67,0.0233,17.93
CTVA,LIFE SCIENCES,2023-09-30,0.798,27.74,20.41,0.0447,1.812,1.315,0.0538,1.57,0.0147,14.41
TTD,TECHNOLOGY,2023-09-30,1.68,206.48,43.86,0.0751,13.03,1.83,0.0835,0.31,0,629.04
IDXX,LIFE SCIENCES,2023-09-30,1.207,43.66,50.25,0.928,74.82,7.21,0.229,9.82,0.0073,37.65
VRSK,TECHNOLOGY,2023-09-30,0.853,44.64,32.68,0.668,14.39,3.04,0.19,5.33,0.0057,18.2
DOW,LIFE SCIENCES,2023-09-30,1.328,26.89,12.44,0.0724,1.995,0,0.0285,1.84,0.0566,4.525
D,ENERGY & TRANSPORTATION,2023-09-30,0.53,14.94,13.83,0.0823,1.843,2.311,0.0959,3.01,0.0594,13.91
SPG,REAL ESTATE & CONSTRUCTION,2023-09-30,1.605,17.11,17.92,0.662,13.13,2.059,0.399,6.74,0.0659,14.31
FERG,TRADE & SERVICES,2023-07-31,1.116,17.54,13.35,0.389,5.22,4.294,0.0635,9.12,0.0307,9.66
DD,LIFE SCIENCES,2023-09-30,1.19,34.89,19.08,0.0374,1.389,1.638,0.381,1.97,0.0209,11.13
PRU,FINANCE,2023-09-30,1.394,26.0,8.64,0.0612,2.276,87.81,0.0258,3.54,0.0543,-
AME,LIFE SCIENCES,2023-09-30,1.197,27.32,24.04,0.165,4.564,1.76,0.197,5.52,0.0066,19.45
FAST,TRADE & SERVICES,2023-09-30,1.114,30.31,25.97,0.342,9.23,2.453,0.156,1.98,0.0233,18.63
AMP,FINANCE,2023-09-30,1.448,16.21,11.42,0.632,10.52,1.359,0.143,20.75,0.0161,-
O,REAL ESTATE & CONSTRUCTION,2023-09-30,0.873,37.92,44.05,0.0302,1.517,4.321,0.226,1.32,0.0614,21.34
KMI,ENERGY & TRANSPORTATION,2023-09-30,0.942,15.08,14.6,0.0804,1.275,18.47,0.155,1.09,0.0687,11.58
KVUE,LIFE SCIENCES,2023-06-30,None,33.98,-,0,-,None,0.111,0.57,0,-
CTSH,TECHNOLOGY,2023-09-30,1.081,16.09,12.39,0.168,2.503,1.208,0.107,4.1,0.0176,7.92
LHX,MANUFACTURING,2023-09-30,0.677,23.42,16.26,0.0802,2.238,1.166,0.0796,7.78,0.025,19.0
OTIS,MANUFACTURING,2023-09-30,0.879,24.78,22.99,0,13.2,3.309,0.0984,3.31,0.0166,17.58
ROK,LIFE SCIENCES,2023-09-30,1.458,21.64,25.13,0.378,11.34,2.669,0.153,11.94,0.0193,24.1
YUM,TRADE & SERVICES,2023-09-30,1.038,23.94,25.97,0,-,2.661,0.213,5.26,0.0192,20.83
GWW,TRADE & SERVICES,2023-09-30,1.132,22.07,18.28,0.635,12.61,1.442,0.112,35.89,0.0094,13.56
PLTR,TECHNOLOGY,2023-09-30,2.7,281,41.49,0.0544,6.41,1.379,0.0693,0.07,0,-26.13
MRNA,LIFE SCIENCES,2023-09-30,1.696,-,32.47,-0.22,4.462,0,-0.38,-9.23,0,5.34
A,LIFE SCIENCES,2023-07-31,1.041,28.4,26.95,0.213,8.63,2.36,0.162,3.82,0.0083,24.87
CSGP,TRADE & SERVICES,2023-09-30,0.868,80.45,57.47,0.0579,4.893,3.17,0.169,0.99,0.0188,47.7
PCG,ENERGY & TRANSPORTATION,2023-09-30,1.15,19.51,13.44,0.0783,1.466,4.649,0.0807,0.86,0.0391,12.95
XEL,ENERGY & TRANSPORTATION,2023-09-30,0.443,18.73,21.1,0.103,2.38,3.209,0.117,3.16,0.0351,13.13
DHI,REAL ESTATE & CONSTRUCTION,2023-09-30,1.542,8.88,9.67,0.223,1.552,1.855,0.134,13.82,0.0098,4.403
CMI,TECHNOLOGY,2023-09-30,1.069,11.16,12.29,0.27,4.07,1.566,0.084,19.62,0.0307,11.68
SYY,TRADE & SERVICES,2023-09-30,1.121,18.97,19.72,1.093,37.32,1.354,0.0235,3.55,0.0297,15.8
BK,FINANCE,2023-09-30,1.078,10.69,9.27,0.0895,1.041,1.041,0.212,4.27,0.0368,-
ALL,FINANCE,2023-09-30,0.525,-,12.47,-0.126,1.949,3.397,-0.0353,-7.99,0.0273,-
EL,LIFE SCIENCES,2023-09-30,1.074,75,45.25,0.089,15.55,4.523,0.0354,1.53,0.023,24.65
NEM,ENERGY & TRANSPORTATION,2023-09-30,0.428,-,17.51,-0.0395,1.736,0.787,-0.0735,-1.06,0.0468,11.8
VEEV,TECHNOLOGY,2023-07-31,0.871,49.72,37.45,0.146,7.84,1.275,0.242,3.32,0,47.84
DVN,ENERGY & TRANSPORTATION,2023-09-30,2.325,7.77,6.53,0.336,3.723,0.48,0.254,5.87,0.0629,4.411
OKE,ENERGY & TRANSPORTATION,2023-09-30,1.655,11.83,14.75,0.217,4.715,1.514,0.141,5.44,0.0594,12.67
COR,TRADE & SERVICES,2023-06-30,0.542,23.39,-,2.337,-,1.577,0.0066,8.2,0.0104,-
ED,ENERGY & TRANSPORTATION,2023-09-30,0.381,13.2,20.28,0.112,1.684,3.724,0.156,6.77,0.0363,12.2
FIS,TRADE & SERVICES,2023-09-30,0.851,-,10.81,-0.516,0.948,0.733,-1.657,-27.76,0.0397,10.98
RSG,ENERGY & TRANSPORTATION,2023-09-30,0.676,30.58,27.25,0.165,4.522,3.254,0.112,5.16,0.0136,15.71
PEG,ENERGY & TRANSPORTATION,2023-09-30,0.62,10.98,17.42,0.197,2.304,3.765,0.238,5.61,0.037,20.76
PPG,LIFE SCIENCES,2023-09-30,1.218,21.61,17.89,0.206,5.08,1.867,0.0784,5.96,0.0202,18.05
FANG,ENERGY & TRANSPORTATION,2023-09-30,1.974,8.95,5.37,0.213,1.798,1.201,0.412,17.63,0.0436,4.19
SGEN,LIFE SCIENCES,2023-09-30,0.349,-,909.09,-0.279,8.16,18.53,-0.326,-4,0.0319,-38.86
ACGL,FINANCE,2023-09-30,0.681,11.09,11.34,0.22,2.025,2.24,0.233,7.75,0.0114,-
URI,TRADE & SERVICES,2023-09-30,1.823,13.28,10.41,0.338,4.016,0.862,0.172,34.38,0.013,7.01
GPN,TRADE & SERVICES,2023-09-30,0.977,33.29,9.42,0.0398,1.167,0.568,0.0923,3.28,0.0092,16.9
DXCM,LIFE SCIENCES,2023-09-30,1.13,103.35,120.48,0.184,24.66,11.34,0.111,0.91,0.0041,103.12
VICI,REAL ESTATE & CONSTRUCTION,2023-09-30,0.988,11.81,14.01,0.103,1.517,None,0.675,2.41,0.0583,37.35
KR,TRADE & SERVICES,2023-08-31,0.499,19.59,10.91,0.162,3.35,1.721,0.011,2.24,0.0264,7.09
WST,MANUFACTURING,2023-09-30,1.077,46.11,28.82,0.21,7.16,4.06,0.191,7.41,0.0023,19.94
HSY,MANUFACTURING,2023-09-30,0.351,20.61,26.67,0.541,15.7,4.018,0.171,9.29,0.0249,22.27
CDW,TRADE & SERVICES,2023-09-30,1.11,26.46,18.15,0.699,19.61,1.53,0.0503,8,0.0117,17.2
VMC,ENERGY & TRANSPORTATION,2023-09-30,0.784,33.92,26.04,0.117,3.579,1.46,0.107,6.24,0.0081,18.91
IT,TRADE & SERVICES,2023-09-30,1.238,35.33,32.15,0.371,180.63,1.99,0.16,11.65,0,24.33
LEN,REAL ESTATE & CONSTRUCTION,2023-08-31,1.483,9.07,7.08,0.161,1.151,9.08,0.117,13.48,0.0123,4.376
TEAM,TECHNOLOGY,2023-09-30,0.64,-,109.89,-0.804,79.67,4.358,-0.136,-1.97,0,-865.05
KDP,MANUFACTURING,2023-09-30,0.672,22.61,21.14,0.0769,2.158,3.194,0.132,1.37,0.0278,16.45
MLM,ENERGY & TRANSPORTATION,2023-09-30,0.909,25.64,23.87,0.149,3.274,1.892,0.172,17.7,0.0065,16.41
FTV,LIFE SCIENCES,2023-09-30,1.192,28.25,19.12,0.085,2.519,1.743,0.138,2.33,0.0049,19.83
GEHC,LIFE SCIENCES,2023-09-30,None,20.63,-,0.145,-,None,0.0891,3.37,0.0017,-
WEC,ENERGY & TRANSPORTATION,2023-09-30,0.437,18.59,21.1,0.115,2.715,3.007,0.148,4.32,0.0388,14.48
IR,TECHNOLOGY,2023-09-30,1.468,37.14,21.98,0.0822,2.533,1.487,0.115,1.84,0.0012,20.44
APTV,MANUFACTURING,2023-09-30,2.065,9.46,19.27,0.238,3.084,0.836,0.115,8.03,0.0189,16.27
ANSS,TECHNOLOGY,2023-09-30,1.194,52.62,30.58,0.101,4.91,3.864,0.224,5.54,0.129,33.0
KHC,MANUFACTURING,2023-09-30,0.691,13.59,14.6,0.0609,1.022,2.886,0.11,2.42,0.0486,18.85
AVB,REAL ESTATE & CONSTRUCTION,2023-09-30,0.961,25.56,31.85,0.0807,2.147,1.459,0.342,6.58,0.0392,14.08
PWR,REAL ESTATE & CONSTRUCTION,2023-09-30,1.115,37.19,21.41,0.127,4.183,1.389,0.0357,4.68,0.0018,18.74
EIX,ENERGY & TRANSPORTATION,2023-09-30,0.874,19.85,13.76,0.0708,1.873,3.231,0.0741,3.21,0.0463,14.16
EXR,REAL ESTATE & CONSTRUCTION,2023-09-30,0.64,22.47,24.69,0.0858,6.43,4.209,0.341,5.3,0.0205,19.1
DG,TRADE & SERVICES,2023-07-31,0.368,12.07,19.61,0.347,8.92,1.773,0.0559,9.77,0.02,18.11
LYB,LIFE SCIENCES,2023-09-30,1.203,13.42,8.29,0.178,2.235,1.51,0.0551,6.99,0.052,5.58
DDOG,TECHNOLOGY,2023-09-30,1.015,-,69.44,-0.0223,19.82,1.227,-0.0172,-0.11,0,522.64
CAH,TRADE & SERVICES,2023-09-30,0.773,170.69,14.68,0,16.07,0.646,0.0007,0.61,0.0192,-111.07
TTWO,TECHNOLOGY,2023-09-30,0.683,-,15.67,-0.169,1.865,0.333,-0.278,-9.07,0.0323,28.92
SQ,TECHNOLOGY,2023-09-30,2.341,-,43.86,-0.0173,2.583,1.931,-0.0136,-0.46,0,-205.63
MDB,TECHNOLOGY,2023-07-31,1.157,-,312.5,-0.31,20.57,None,-0.162,-3.47,0,-42.56
AWK,ENERGY & TRANSPORTATION,2023-09-30,0.626,25.52,33.0,0.104,3.711,4.407,0.223,4.84,0.0229,14.57
HPQ,TECHNOLOGY,2023-07-31,1.053,11.85,8.46,0,-,8.51,0.0427,2.33,0.0399,6.63
KEYS,LIFE SCIENCES,2023-07-31,1.034,19.75,21.51,0.256,7.85,2.353,0.202,6.29,0,20.57
WBD,TECHNOLOGY,2023-09-30,1.612,-,149.25,-0.0991,0.55,1.389,-0.115,-1.94,0,6.45
DASH,TRADE & SERVICES,2023-09-30,1.606,-,1666.67,-0.157,3.328,None,-0.128,-2.73,0,-33.23
SPLK,TECHNOLOGY,2023-07-31,1.087,-,42.92,-4.95,69.12,1.433,-0.0061,-0.09,0,-36.18
DLTR,TRADE & SERVICES,2023-07-31,0.794,20.74,19.01,0.14,3.916,1.064,0.0416,5.5,0.0421,14.31
MTD,LIFE SCIENCES,2023-09-30,1.168,26.67,34.48,0.295,3980.99,2.806,0.222,39.15,0.0142,28.71
EQR,REAL ESTATE & CONSTRUCTION,2023-09-30,0.879,31.53,36.76,0.0614,2.195,1.282,0.24,1.73,0.0486,13.34
EBAY,TRADE & SERVICES,2023-09-30,1.333,8.0,10.42,0.506,4.892,2.221,0.27,4.98,0.0251,-9.7
DFS,FINANCE,2023-09-30,1.436,6.19,7.25,0.252,2.136,0.386,0.344,13.5,0.0323,-
WTW,FINANCE,2023-09-30,0.75,25.45,16.39,0.108,2.69,0.746,0.11,9.44,0.014,14.99
TROW,FINANCE,2023-09-30,1.336,13.38,17.18,0.166,3.006,27.34,0.255,7.02,0.052,7.72
WY,REAL ESTATE & CONSTRUCTION,2023-09-30,1.505,34.66,24.75,0.0599,2.218,5.4,0.0817,0.87,0.0252,7.49
STE,LIFE SCIENCES,2023-09-30,0.864,36.11,23.26,0.0917,3.333,6.88,0.105,5.52,0.0104,28.76
CBRE,REAL ESTATE & CONSTRUCTION,2023-09-30,1.389,38.68,14.97,0.0723,3.019,2.447,0.0189,1.9,0.0118,8.47
ZBH,LIFE SCIENCES,2023-09-30,1.019,46.65,18.28,0.0384,2.198,1.078,0.0652,2.26,0.0091,20.87
TSCO,TRADE & SERVICES,2023-09-30,0.855,19.39,20.53,0.558,12.25,2.063,0.0758,10.24,0.0208,16.33
DAL,ENERGY & TRANSPORTATION,2023-09-30,1.367,6.43,93.46,0.492,4.722,23.16,0.0594,5.3,0.0117,30.34
FICO,TRADE & SERVICES,2023-09-30,1.174,58.84,30.49,0.356,82.33,2.71,0.284,16.94,0.0006,30.19
EFX,TRADE & SERVICES,2023-09-30,1.409,43.82,24.45,0.127,6.43,1.909,0.102,4.22,0.0084,18.05
CTRA,ENERGY & TRANSPORTATION,2023-09-30,0.322,9.27,6.29,0.176,1.538,44.67,0.35,2.89,0.0299,3.138
SBAC,REAL ESTATE & CONSTRUCTION,2023-09-30,0.553,48.24,53.76,0,-,2.267,0.182,4.54,0.0155,29.9
HIG,FINANCE,2023-09-30,0.82,10.17,8.9,0.174,1.896,1.41,0.096,7.27,0.0254,-
MPWR,MANUFACTURING,2023-09-30,1.166,54.67,25.13,0.259,12.55,0.99,0.246,9.23,0.0079,39.44
CHD,LIFE SCIENCES,2023-09-30,0.495,50.98,25.91,0.113,5.44,3.993,0.0757,1.76,0.0121,18.45
XYL,TECHNOLOGY,2023-09-30,1.06,40.19,36.36,0.0748,6.43,2.644,0.0729,2.45,0.0134,33.11
SPOT,TECHNOLOGY,2023-09-30,1.653,-,243.9,-0.335,6.51,None,-0.0575,-4.05,0,112.25
HPE,TECHNOLOGY,2023-07-31,1.265,19.23,7.67,0.0522,1.017,0.844,0.0364,0.83,0.0301,8.33
GLW,MANUFACTURING,2023-09-30,1.075,40.71,14.35,0.0557,2.528,1.241,0.045,0.68,0.0405,8.34
ALNY,LIFE SCIENCES,2023-09-30,0.47,-,-,-15.01,142.92,-0.49,-0.296,-4.11,0.0252,-29.42
BR,TRADE & SERVICES,2023-09-30,0.971,31.46,19.92,0.334,8.71,1.858,0.108,5.63,0.0181,19.46
HUBS,TECHNOLOGY,2023-09-30,1.61,-,98.04,-0.17,15.61,2.878,-0.0867,-3.6,0,-313.03
GPC,TRADE & SERVICES,2023-09-30,0.952,15.37,20.83,0.318,6.9,1.918,0.0544,8.86,0.0279,14.45
STT,FINANCE,2023-09-30,1.544,9.83,9.74,0.1,1.238,4.059,0.205,6.88,0.0408,-
AEE,ENERGY & TRANSPORTATION,2023-09-30,0.487,17.29,20.53,0.108,2.246,2.548,0.152,4.41,0.033,12.45
ILMN,LIFE SCIENCES,2023-09-30,1.159,-,72.99,-0.178,4.907,4.178,-0.252,-7.1,0.0217,-9.22
RMD,LIFE SCIENCES,2023-09-30,0.521,23.35,35.34,0.236,9.42,1.741,0.207,6.15,0.0134,27.46
ALGN,LIFE SCIENCES,2023-09-30,1.579,40.62,25.06,0.0968,4.14,10.8,0.0953,4.73,0.0259,16.42
DTE,ENERGY & TRANSPORTATION,2023-09-30,0.646,16.29,18.73,0.125,2.528,2.951,0.0899,6.05,0.0387,13.27
RCL,ENERGY & TRANSPORTATION,2023-09-30,2.46,28.94,11.99,0.237,4.401,1.31,0.0698,3.28,0.0525,-87.51
MOH,FINANCE,2023-09-30,0.57,22.32,17.83,0.269,6.71,-0.62,0.0286,16.04,0.073,10.67
ICLR,TRADE & SERVICES,2023-09-30,1.108,41.15,15.62,0.0597,1.93,0.327,0.064,6.23,0,16.66
INVH,REAL ESTATE & CONSTRUCTION,2023-09-30,0.933,39.11,43.29,0.0477,1.872,3.241,0.207,0.81,0.0328,20.75
MTB,FINANCE,2023-09-30,0.833,6.79,7.26,0.117,1.068,0.534,0.324,17.44,0.0439,-
ETR,ENERGY & TRANSPORTATION,2023-09-30,0.676,13.92,17.48,0.112,2.066,2.715,0.116,6.94,0.0468,11.88
MKL,FINANCE,2023-09-30,0.75,9.59,16.78,0.147,1.485,0.888,0.125,139.73,0.0165,-
FE,ENERGY & TRANSPORTATION,2023-09-30,0.468,37.16,16.98,0.0559,2.247,4.242,0.0412,0.95,0.0465,11.42
TRGP,ENERGY & TRANSPORTATION,2023-09-30,2.251,22.19,15.62,0.355,6.91,0.64,0.0833,3.81,0.0237,11.52
DOV,TECHNOLOGY,2023-09-30,1.35,18.08,15.2,0.232,4.828,1.181,0.121,7.28,0.0155,12.3
ES,ENERGY & TRANSPORTATION,2023-09-30,0.561,16.11,19.68,0.0751,1.957,3.029,0.0952,3.34,0.0502,12.62
ALB,LIFE SCIENCES,2023-09-30,1.673,4.145,9.74,0.401,4.313,0.316,0.336,28.22,0.0137,15.91
CPNG,TRADE & SERVICES,2023-09-30,1.373,63.83,123.46,0.168,14.09,None,0.0186,0.24,0,-89.42
ULTA,TRADE & SERVICES,2023-07-31,1.364,15.65,19.05,0.661,12.48,1.847,0.118,24.9,0.0239,14.15
TDY,MANUFACTURING,2023-09-30,1.018,23.2,-,0.0962,2.473,0.98,0.14,16.5,0.0177,17.16
RJF,FINANCE,2023-09-30,1.018,12.61,11.72,0.18,2.613,1.139,0.151,7.97,0.0167,-
VRSN,TECHNOLOGY,2023-09-30,0.935,29.57,26.11,0,-,3.26,0.494,7.01,0.066,22.34
WAB,MANUFACTURING,2023-09-30,1.444,26.79,18.32,0.0756,1.903,3.92,0.0802,4.2,0.006,15.06
FLT,TRADE & SERVICES,2023-09-30,1.201,18.12,10.7,0.36,6.08,1.181,0.257,12.76,0,11.43
NU,FINANCE,2023-06-30,None,852.0,49.51,0.0148,3.766,None,0.0292,0.01,0,-
EXPD,ENERGY & TRANSPORTATION,2023-09-30,1,21.6,17.95,0.27,5.15,1.57,0.0777,5.34,0.012,7.5
LH,LIFE SCIENCES,2023-09-30,1.052,21.09,12.79,0.0957,2.025,2.068,0.0439,9.71,0.0141,8.58
LPLA,FINANCE,2023-09-30,0.911,15.51,12.08,0.571,8.54,0.406,0.12,14.74,0.0053,-
PPL,ENERGY & TRANSPORTATION,2023-09-30,0.844,24.37,18.59,0.0556,1.561,5.47,0.0953,1.04,0.0379,13.73
NET,TECHNOLOGY,2023-09-30,0.971,-,322.58,-0.312,28.95,66.22,-0.167,-0.61,0,-187.02
IRM,REAL ESTATE & CONSTRUCTION,2023-09-30,0.925,63.23,32.26,0.539,29.89,1.08,0.0521,0.94,0.0437,16.1
VTR,REAL ESTATE & CONSTRUCTION,2023-09-30,1.285,2128,25.51,0.0011,1.753,2.285,0.0011,0.02,0.0428,18.96
NVR,REAL ESTATE & CONSTRUCTION,2023-09-30,1.041,12.71,17.99,0.451,4.918,4.886,0.165,474.98,0.0239,6.64
J,REAL ESTATE & CONSTRUCTION,2023-06-30,0.826,23.05,16.53,0.115,2.561,1.34,0.0465,5.81,0.0078,14.51
CNP,ENERGY & TRANSPORTATION,2023-09-30,0.907,21.52,20.45,0.0878,2.084,3.326,0.0931,1.26,0.0295,11.08
MRO,ENERGY & TRANSPORTATION,2023-09-30,2.312,9.12,5.92,0.15,1.559,0.4,0.261,2.75,0.0175,3.967
ARES,FINANCE,2023-09-30,1.292,49.43,17.73,0.214,8.48,0.63,0.119,2.18,0.0286,28.03
FDS,TECHNOLOGY,2023-08-31,0.825,37.59,30.4,0.317,12.86,3.006,0.225,12.05,0.0085,31.19
JBL,MANUFACTURING,2023-08-31,1.407,21.31,8.78,0.308,3.976,0.91,0.0236,6.02,0.0025,5.06
EG,FINANCE,2023-09-30,0.578,7.11,7.12,0.234,1.253,-50,0.156,54.12,0.0182,-
ARE,REAL ESTATE & CONSTRUCTION,2023-09-30,1.011,69.32,17.24,0.0191,1.425,844.2,0.088,1.38,0.0519,20.13
STLD,MANUFACTURING,2023-09-30,1.483,6.95,7.38,0.319,2.393,10.91,0.137,15.69,0.0156,3.286
CBOE,FINANCE,2023-09-30,0.569,26.39,17.27,0.2,4.006,1.75,0.186,6.63,0.0126,23.66
PFG,FINANCE,2023-09-30,1.272,10.9,12.32,0.152,2.281,1.5,0.109,6.38,0.0385,-
NDAQ,FINANCE,2023-09-30,0.947,23.37,22.32,0.178,5.28,2.801,0.184,2.23,0.0169,19.6
HWM,MANUFACTURING,2023-09-30,1.277,32.18,21.69,0.179,4.885,0.803,0.0997,1.54,0.004,19.02
WBA,TRADE & SERVICES,2023-08-31,0.796,-,8.8,-0.12,1.161,12.0,-0.0221,-3.57,0.0925,10.52
CF,LIFE SCIENCES,2023-09-30,0.974,7.46,6.36,0.324,4.106,0.644,0.275,10.66,0.0199,3.102
HOLX,LIFE SCIENCES,2023-09-30,1.029,39.42,21.41,0.0922,3.826,0.933,0.113,1.83,0.0029,9.1
BAH,TRADE & SERVICES,2023-09-30,0.609,56.5,18.25,0.257,11.75,2.29,0.0294,2.23,0.0149,17.65
IFF,LIFE SCIENCES,2023-09-30,1.172,1195.67,18.25,0.0013,1.619,3.459,0.0016,0.06,0.0452,-4247.81
FITB,FINANCE,2023-09-30,1.251,7.14,8.12,0.154,1.544,3.691,0.311,3.51,0.0559,-
BRO,FINANCE,2023-09-30,0.76,27.7,23.36,0.157,3.822,4.41,0.182,2.63,0.0071,18.08
ENPH,MANUFACTURING,2023-09-30,1.578,19.54,69.44,0.704,74.15,2.197,0.211,3.99,0,110.55
GRMN,MANUFACTURING,2023-09-30,0.917,21.52,16.31,0.17,3.123,1.805,0.206,5.42,0.025,13.72
PTC,TECHNOLOGY,2023-09-30,1.107,73.6,27.55,0.0987,6.51,2.124,0.117,2.06,0.0148,28.29
AKAM,TRADE & SERVICES,2023-09-30,0.768,33.47,15.2,0.12,3.3,1.361,0.138,3.31,0.0379,12.65
BAX,LIFE SCIENCES,2023-09-30,0.582,71.35,14.27,0.0342,4.793,1.696,0.17,0.46,0.0353,-68.32
ATO,ENERGY & TRANSPORTATION,2023-09-30,0.65,18.26,19.68,0.0873,1.77,2.678,0.207,6.1,0.0289,16.77
BMRN,LIFE SCIENCES,2023-09-30,0.366,109.06,31.25,0.0311,4.409,0.643,0.0636,0.77,0.0371,90.91
DRI,TRADE & SERVICES,2023-08-31,1.249,18.65,18.59,0.468,8.54,2.236,0.0913,8.05,0.0336,14.61
FSLR,MANUFACTURING,2023-09-30,1.417,30.3,35.34,0.0782,2.761,1.576,0.15,4.42,0,31.58
PINS,TECHNOLOGY,2023-09-30,0.991,-,32.15,-0.0737,4.995,1.371,-0.0743,-0.32,0,109.68
PHM,REAL ESTATE & CONSTRUCTION,2023-09-30,1.438,6.73,6.92,0.305,1.293,2.496,0.163,12.24,0.0078,4.069
COO,LIFE SCIENCES,2023-07-31,0.938,59.54,22.32,0.0377,2.128,2.015,0.0783,5.53,0.0002,25.13
JBHT,ENERGY & TRANSPORTATION,2023-09-30,1.16,23.43,19.34,0.206,5.26,1.863,0.0589,7.42,0.0097,9.86
ZM,TECHNOLOGY,2023-07-31,-0.163,132.04,20.53,0.0218,3.719,10.95,0.0318,0.47,0,23.41
NTAP,TECHNOLOGY,2023-07-31,1.185,13.97,12.08,1.58,11.53,1.062,0.195,5.52,0.0259,9.36
CINF,FINANCE,2023-09-30,0.65,9.47,23.36,0.167,1.461,-158.72,0.171,10.53,0.0301,-
VLTO,LIFE SCIENCES,2022-12-31,None,25.17,-,0,-,None,0.172,2.71,0,-
HUBB,MANUFACTURING,2023-09-30,0.926,21.98,22.52,0.282,5.76,2.043,0.132,13.17,0.0169,17.74
TYL,TECHNOLOGY,2023-09-30,0.776,113.78,41.84,0.0586,5.47,3.016,0.0822,3.68,0.0116,39.34
CMS,ENERGY & TRANSPORTATION,2023-09-30,0.392,21.89,20.45,0.0942,2.767,3.003,0.0961,2.54,0.0351,13.16
EQT,ENERGY & TRANSPORTATION,2023-09-30,1.122,5.36,4.21,0.247,1.443,0.162,0.477,7.3,0.0161,4.048
MKC,MANUFACTURING,2023-08-31,0.686,27.05,28.82,0.134,5.04,6.13,0.098,2.4,0.024,24.16
TXT,MANUFACTURING,2023-09-30,1.402,16.44,16.56,0.137,2.224,0.962,0.0707,4.63,0.0011,10.94
MAA,REAL ESTATE & CONSTRUCTION,2023-09-30,0.801,24.59,18.87,0.0967,3.172,10.19,0.275,4.99,0.0456,17.46
BG,MANUFACTURING,2023-09-30,0.654,8.09,8.01,0.2,1.656,1.705,0.032,12.92,0.0254,7.4
CLX,LIFE SCIENCES,2023-09-30,0.33,193.42,35.59,0.316,56.11,2.04,0.0122,0.69,0.036,24.51
IEX,TECHNOLOGY,2023-09-30,0.967,23.58,28.01,0.2,6.42,2.155,0.187,8.13,0.0134,20.83
RS,TRADE & SERVICES,2023-09-30,0.931,11.2,9.06,0.194,1.749,1.2,0.0938,23.86,0.015,4.526
SWKS,MANUFACTURING,2023-09-30,1.332,14.69,9.14,0.17,2.768,0.894,0.206,6.13,0.0302,7.66
LUV,ENERGY & TRANSPORTATION,2023-09-30,1.164,28.59,10.89,0.0452,1.27,0.31,0.0195,0.81,0.0311,6.93
RF,FINANCE,2023-09-30,1.24,6.27,8.84,0.151,1.523,0.538,0.326,2.41,0.0635,-
TER,LIFE SCIENCES,2023-09-30,1.565,40.99,21.1,0.215,6.51,2.481,0.184,2.15,0.005,13.77
AXON,MANUFACTURING,2023-09-30,0.848,111.19,63.29,0.106,10.03,2.86,0.0996,1.96,0.0358,178.67
LVS,REAL ESTATE & CONSTRUCTION,2023-09-30,1.199,54.89,50.25,0.168,9.27,4.513,0.0781,0.87,0.0084,128.84
BLDR,TRADE & SERVICES,2023-09-30,2.037,10.42,10.89,0.321,1.841,0.81,0.091,11.93,0.0179,3.028
WDC,TECHNOLOGY,2023-09-30,1.583,-,94.34,-0.209,0.937,490.33,-0.213,-7.7,0.0434,6.07
WAT,LIFE SCIENCES,2023-09-30,0.898,23.31,27.25,1.012,53.04,2.982,0.218,10.98,0.0058,21.77
AVY,MANUFACTURING,2023-09-30,0.921,30.32,17.04,0.237,7.17,2.273,0.0583,5.94,0.018,12.03
ZS,TECHNOLOGY,2023-07-31,0.805,-,99.01,-0.312,41.18,2.115,-0.125,-1.4,0,-64.71
OMC,TRADE & SERVICES,2023-09-30,0.947,11.02,12.3,0.377,6.01,5.64,0.0962,6.87,0.037,8.52
FCNCA,FINANCE,2023-09-30,0.956,1.833,7.82,0.742,1.207,0,1.735,766.82,0.0047,-
HBAN,FINANCE,2023-09-30,1.13,6.8,8.97,0.133,1.343,0.679,0.326,1.51,0.0604,-
ENTG,MANUFACTURING,2023-09-30,1.262,71.82,20.66,0.0617,3.495,1.58,0.0547,1.33,0.0042,23.37
EXPE,ENERGY & TRANSPORTATION,2023-09-30,1.669,21.74,11.07,0.219,6.39,0.212,0.067,5.46,0.0171,8.55
AVTR,LIFE SCIENCES,2023-09-30,1.306,34.37,14.73,0.0752,3.109,None,0.0518,0.54,0,13.63
ESS,REAL ESTATE & CONSTRUCTION,2023-09-30,0.836,25.85,20.62,0.0952,2.508,2.302,0.309,8.15,0.0439,17.62
RBLX,TECHNOLOGY,2023-09-30,1.559,-,192.31,-4.133,46.98,8.18,-0.425,-1.83,0,-28.55
NTRS,FINANCE,2023-09-30,1.105,13.42,11.74,0.101,1.805,2.256,0.171,5.27,0.0424,-
DGX,LIFE SCIENCES,2023-09-30,0.906,19.79,17.48,0.127,2.76,1.237,0.0821,6.71,0.0214,9.59
PAYC,TECHNOLOGY,2023-09-30,1.398,29.31,46.08,0.271,18.27,1.791,0.208,5.84,0.0088,44.67
BALL,MANUFACTURING,2023-09-30,0.854,25.42,14.37,0.162,4.914,1.623,0.0429,1.92,0.0164,12.41
BBY,TRADE & SERVICES,2023-07-31,1.554,11.06,12.15,0.451,5.97,2.686,0.0291,5.8,0.0574,7.2
VRT,MANUFACTURING,2023-09-30,1.755,62.43,8.98,0.171,4.142,None,0.0382,0.67,0.0002,15.55
RVTY,LIFE SCIENCES,2023-09-30,1.06,49.46,26.04,0.0289,2.02,4.018,0.266,1.7,0.0034,-
PKG,MANUFACTURING,2023-09-30,0.852,17.85,14.24,0.201,3.153,1.83,0.1,8.72,0.0321,7.48
LKQ,TRADE & SERVICES,2023-09-30,1.339,12.56,13.02,0.169,2.732,0.384,0.0713,3.57,0.0268,9.63
EPAM,TECHNOLOGY,2023-09-30,1.454,29.31,46.3,0.157,7.17,1.33,0.0996,8.03,0,25.83
POOL,TRADE & SERVICES,2023-09-30,0.964,23.81,-,0.417,10.98,1.81,0.0965,13.88,0.0133,13.65
CAG,MANUFACTURING,2023-08-31,0.596,12.36,15.38,0.123,2.168,1.828,0.088,2.25,0.0503,19.68
LYV,TRADE & SERVICES,2023-09-30,1.314,58.35,66.67,0.555,31.01,2.65,0.0269,1.5,0.0421,16.5
SNA,MANUFACTURING,2023-09-30,1.059,14.66,14.14,0.222,2.879,1.874,0.197,18.42,0.0276,9.66
FWONK,TECHNOLOGY,2023-09-30,1.083,35.34,84.75,0.0739,2.162,-0.35,0.182,1.92,0,28.46
LDOS,TECHNOLOGY,2023-07-31,0.763,97.69,15.38,0.0379,3.573,2.34,0.0097,1.06,0.0147,13.7
TSN,MANUFACTURING,2023-06-30,0.818,49.95,9.61,0.0172,1.175,2.469,0.0064,0.94,0.0409,5.32
WRB,FINANCE,2023-09-30,0.585,13.74,15.2,0.206,3.053,1.346,0.115,4.96,0.0065,-
TRU,TRADE & SERVICES,2023-09-30,1.437,-,16.42,-0.0599,2.966,1.426,-0.0653,-1.35,0.008,16.5
K,MANUFACTURING,2023-09-30,0.435,21.77,17.54,0.185,5.87,2.985,0.0521,2.38,0.0432,12.47
DECK,MANUFACTURING,2023-09-30,0.948,27.32,16.56,0.37,6.51,3.71,0.157,23.16,0.019,15.84
SUI,REAL ESTATE & CONSTRUCTION,2023-09-30,0.744,63.38,58.14,0.0316,2.296,29.63,0.0729,1.81,0.0324,22.5
AMCR,MANUFACTURING,2023-09-30,0.862,13.95,15.48,0.246,4.743,None,0.0671,0.65,0.0551,13.27
RIVN,MANUFACTURING,2023-09-30,None,-,-,-0.435,1.639,None,-1.49,-6.02,0,-1.995
OVV,ENERGY & TRANSPORTATION,2023-09-30,3.458,4.472,3.61,0.319,1.901,None,0.232,9.97,0.0269,3.222
APA,ENERGY & TRANSPORTATION,2023-09-30,3.497,7.37,4.174,1.029,24.13,0.17,0.181,5.01,0.0271,2.787
WSO,TRADE & SERVICES,2023-09-30,0.868,24.88,20.62,0.278,5.4,4.622,0.0815,15.13,0.026,12.48
NDSN,TECHNOLOGY,2023-07-31,0.939,25.9,23.87,0.21,6.14,1.864,0.193,8.69,0.0121,18.57
CSL,MANUFACTURING,2023-09-30,0.882,18.45,12.22,0.251,4.239,0.719,0.128,14.55,0.0127,10.34
UAL,ENERGY & TRANSPORTATION,2023-09-30,1.495,4.397,6.8,0.416,2.677,1.058,0.0545,8.64,0.0383,48.45
OKTA,TECHNOLOGY,2023-07-31,0.962,-,263.16,-0.107,2.014,10.66,-0.287,-3.69,0,-14.6
LNT,ENERGY & TRANSPORTATION,2023-09-30,0.571,17.79,19.38,0.106,2.246,2.934,0.167,2.73,0.0373,13.44
SWK,MANUFACTURING,2023-09-30,1.326,-,17.24,-0.0113,1.313,1.368,-0.0032,-0.75,0.0381,16.07
MANH,TECHNOLOGY,2023-09-30,1.509,80.59,48.08,0.812,38.92,2.176,0.186,2.66,0.0072,53.02
DPZ,TRADE & SERVICES,2023-09-30,0.846,25.91,28.01,0,-,2.55,0.116,14.61,0.0128,21.15
TRMB,LIFE SCIENCES,2023-09-30,1.529,31,18.62,0.0816,3.5,1.862,0.0897,1.35,0.0141,17.86
GGG,TECHNOLOGY,2023-09-30,0.775,25.7,25.51,0.263,6.47,2.622,0.239,3.03,0.0121,18.38
COIN,FINANCE,2023-09-30,2.657,-,60.24,-0.127,1.623,1.53,-0.28,-3.2,0,-5.33
CCL,ENERGY & TRANSPORTATION,2023-08-31,2.455,-,11.01,-0.212,1.375,1.41,-0.081,-1.29,0.152,-11.92
RPM,LIFE SCIENCES,2023-08-31,0.972,24.62,22.42,0.239,6.58,2.24,0.0696,3.97,0.0188,17.85
CFG,FINANCE,2023-09-30,1.363,6.23,7.27,0.09,0.91,0.263,0.267,4.04,0.0667,-
IP,MANUFACTURING,2023-09-30,1.032,15.18,10.81,0.0824,1.391,0.902,0.0131,2.18,0.0559,6.8
RBA,TRADE & SERVICES,2023-09-30,0.89,58.96,22.83,0.0503,5.11,1.554,0.0543,1.02,0.018,11.79
LW,MANUFACTURING,2023-08-31,0.645,13.54,32.26,1.005,24.56,1.56,0.172,6.95,0.0119,20.12
SYF,FINANCE,2023-09-30,1.614,5.37,6.29,0.177,1.26,0.461,0.308,5.43,0.0329,-
MOS,LIFE SCIENCES,2023-09-30,1.565,8.51,4.753,0.114,1.335,0.197,0.088,3.95,0.0238,3.218
UDR,REAL ESTATE & CONSTRUCTION,2023-09-30,0.797,23.74,16.45,0.0979,3.382,-4.53,0.278,1.38,0.0513,18.99
DKNG,TRADE & SERVICES,2023-09-30,1.806,-,-,-0.894,4.366,None,-0.304,-2.17,0,-4.157
CE,LIFE SCIENCES,2023-09-30,1.273,6.37,7.36,0.333,2.216,7.85,0.189,18.59,0.0236,5.1
L,FINANCE,2023-09-30,0.804,10.03,-,0.111,0.969,2.69,0.0993,6.57,0.0038,-
LII,TECHNOLOGY,2023-09-30,0.965,26.18,17.51,0,-,2.079,0.11,15.15,0.0109,15.73
GLPI,REAL ESTATE & CONSTRUCTION,2023-09-30,0.986,16.51,17.21,0.179,3.753,8.08,0.509,2.74,0.0635,16.29
EXAS,TRADE & SERVICES,2023-09-30,1.461,-,-,-0.0906,2.603,-1.07,-0.117,-1.58,0.0209,-18.94
ELS,REAL ESTATE & CONSTRUCTION,2023-09-30,0.711,41.56,41.15,0.205,8.52,6.68,0.201,1.58,0.0273,25.55
GDDY,TECHNOLOGY,2023-09-30,0.905,37.94,40.49,0.68,24.35,1.559,0.0845,2.31,0,22.1
WPC,REAL ESTATE & CONSTRUCTION,2023-09-30,0.863,14.87,-,0.0861,2.333,0,0.448,3.64,0.0791,18.97
VST,ENERGY & TRANSPORTATION,2023-09-30,0.935,10.14,7.04,0.257,2.705,0.829,0.0919,3.4,0.0247,10.83
AMH,REAL ESTATE & CONSTRUCTION,2023-09-30,0.705,33.56,28.49,0.0606,1.767,29.82,0.245,1.04,0.0252,19.55
MAS,MANUFACTURING,2023-09-30,1.204,15.31,13.51,0,259.51,1.778,0.104,3.67,0.0203,10.84
CNHI,TECHNOLOGY,2023-09-30,1.689,5.76,10.46,0.325,3.432,31.71,0.0945,1.73,0.0398,9.6
OC,MANUFACTURING,2023-09-30,1.487,9.55,8.78,0.241,1.89,0.821,0.123,13.01,0.0167,4.667
DT,TECHNOLOGY,2023-09-30,1.092,87.09,42.92,0.106,8.38,1.864,0.131,0.58,0,87.53
BILL,TECHNOLOGY,2023-09-30,1.97,-,227.27,-0.0416,3.234,7.51,-0.15,-1.59,0,-52.88
CHK,ENERGY & TRANSPORTATION,2023-09-30,0.657,2.143,4.983,0.654,2.093,0.238,0.687,36.91,0.0785,1.69
VTRS,LIFE SCIENCES,2023-09-30,1.165,6.09,3.353,0.0915,0.681,None,0.118,1.51,0.0522,6.97
SJM,MANUFACTURING,2023-07-31,0.324,-,18.42,-0.0023,2.001,2.787,-0.0021,-0.1,0.039,15.39
EVRG,ENERGY & TRANSPORTATION,2023-09-30,0.551,16.69,17.54,0.0715,1.506,3.059,0.122,2.96,0.052,11.49
IPG,TRADE & SERVICES,2023-09-30,1.166,12.13,13.66,0.263,3.817,16.25,0.0996,2.39,0.0428,9.15
HST,REAL ESTATE & CONSTRUCTION,2023-10-31,1.294,15.63,17.95,0.11,1.845,0.527,0.144,1.05,0.0439,9.83
SSNC,TECHNOLOGY,2023-09-30,1.413,21.81,10.29,0.104,2.317,1.857,0.114,2.42,0.0182,11.24
NBIX,LIFE SCIENCES,2023-09-30,0.394,56.41,28.82,0.108,7.3,1.87,0.107,1.9,0.0111,98.51
RNR,FINANCE,2023-09-30,0.345,6.89,9.07,0.208,1.919,-3.13,0.18,30.48,0.0072,-
TPL,REAL ESTATE & CONSTRUCTION,2023-09-30,1.775,32.15,40.98,0.465,27.69,0,0.635,51.04,0.0079,33.65
KMX,TRADE & SERVICES,2023-08-31,1.479,22.16,14.03,0.0794,1.976,0.98,0.0159,2.86,0.0099,17.92
JKHY,TECHNOLOGY,2023-09-30,0.641,29.96,36.63,0.232,9.02,3.286,0.171,4.94,0.0139,20.25
LBRDK,TECHNOLOGY,2023-09-30,1.161,18.18,12.66,0.0752,1.527,0,0.674,4.55,0,7.7
TECH,LIFE SCIENCES,2023-09-30,1.22,37.82,42.19,0.132,7.78,1.148,0.216,1.52,0.0056,30.43
CDAY,TECHNOLOGY,2023-09-30,1.424,2181.67,57.8,0.0019,5.18,5.36,0.0028,0.03,0,273.16
REG,REAL ESTATE & CONSTRUCTION,2023-09-30,1.2,28.51,30.3,0.0559,1.839,5.02,0.282,2.12,0.0443,16.33
HEIA,,,,,,,,,,,,
MGM,REAL ESTATE & CONSTRUCTION,2023-09-30,2.175,13,51.55,0.118,2.929,4.2,0.0726,2.98,0.0003,10.38
INCY,TRADE & SERVICES,2023-09-30,0.719,27.89,14.95,0.0928,3.823,0.466,0.118,1.88,0.0059,18.63
NI,ENERGY & TRANSPORTATION,2023-09-30,0.502,16.67,18.02,0.0948,2.001,1.926,0.125,1.5,0.04,11.8
UTHR,LIFE SCIENCES,2023-09-30,0.57,12.28,14.53,0.175,2.801,1.024,0.408,18.14,0.0635,11.1
ZBRA,TECHNOLOGY,2023-09-30,1.728,23.04,13.95,0.164,5.08,1.633,0.0916,8.95,0.0019,14.61
ACM,TRADE & SERVICES,2023-06-30,1.295,57.78,22.68,0.0889,4.76,1.396,0.0097,1.39,0.009,16.13
SRPT,LIFE SCIENCES,2023-09-30,0.955,-,-,-1.156,25.74,159.25,-0.625,-7.8,0.0126,-17.47
KIM,REAL ESTATE & CONSTRUCTION,2023-09-30,1.475,25.21,30.58,0.0485,1.403,4.252,0.262,0.71,0.0536,23.96
TAP,MANUFACTURING,2023-09-30,0.939,50.4,12.77,0.0194,0.87,2.423,0.0221,1.17,0.0278,11.14
SAIA,ENERGY & TRANSPORTATION,2023-09-30,1.548,31.45,19.34,0.201,4.196,1.68,0.121,12.59,0.0281,10.06
RPRX,LIFE SCIENCES,2023-09-30,0.423,69.79,10.85,0.0372,2.994,-0.02,0.0793,0.39,0.0294,21.32
LSCC,MANUFACTURING,2023-09-30,1.259,37.47,36.5,0.398,22.68,3.18,0.286,1.52,0.0136,51.17
WSM,TRADE & SERVICES,2023-07-31,1.533,10.29,7.6,0.665,5.43,0.883,0.117,14.42,0.0243,5.1
LECO,TECHNOLOGY,2023-09-30,1.153,21.94,16.95,0.463,9.23,1.249,0.122,8.54,0.0152,14.46
PNR,TECHNOLOGY,2023-09-30,1.177,19.87,12.2,0.18,2.857,1.255,0.124,3.09,0.0143,13.69
CPT,REAL ESTATE & CONSTRUCTION,2023-09-30,0.854,43.35,54.35,0.0466,2.469,8.96,0.148,2.04,0.0452,10.8
REXR,REAL ESTATE & CONSTRUCTION,2023-09-30,0.889,42.94,-,0.0317,1.716,9.31,0.283,1.05,0.0337,31.19
CASY,TRADE & SERVICES,2023-07-31,0.79,22.38,23.58,0.18,3.627,2.201,0.0319,12.33,0.0062,11.48
EQH,FINANCE,2023-09-30,1.409,5.73,5.2,0.44,6.18,None,0.142,4.64,0.0331,-
FNF,FINANCE,2023-09-30,1.323,27.46,7.36,0.0762,1.81,10.83,0.0387,1.6,0.041,-
GL,FINANCE,2023-09-30,0.778,14.42,12.71,0.174,2.633,None,0.146,8.09,0.0077,-
BSY,TECHNOLOGY,2023-09-30,1.18,94.36,42.73,0.285,21.83,3.566,0.143,0.55,0.0039,44.02
PSTG,TECHNOLOGY,2023-07-31,1.195,-,21.69,-0.001,10.9,5.57,-0.0003,-0.01,0,55.99
MTCH,TRADE & SERVICES,2023-09-30,1.625,16.78,16.08,0.499,10.97,0.525,0.154,1.77,0.0211,29.37
CRL,TRADE & SERVICES,2023-09-30,1.348,18.34,17.39,0.16,4.151,1.195,0.113,9.24,0.024,16.14
BFB,,,,,,,,,,,,
UNM,FINANCE,2023-09-30,1.05,7.5,6.29,0.126,0.909,2.5,0.0938,5.79,0.0336,-
CHRW,ENERGY & TRANSPORTATION,2023-09-30,0.788,23.8,16.1,0.253,6.75,2.706,0.0212,3.36,0.0305,9.25
KEY,FINANCE,2023-09-30,1.269,8.9,7.7,0.097,1.478,0.965,0.213,1.23,0.0749,-
RGA,FINANCE,2023-09-30,0.861,9.59,8.54,0.193,2.531,1.57,0.0636,16.91,0.021,-
DOX,TECHNOLOGY,2023-09-30,0.685,17.87,15.04,0.152,3.059,1.156,0.111,4.49,0.0217,11.97
PEAK,REAL ESTATE & CONSTRUCTION,2023-09-30,0.979,36.23,56.5,0.038,2.119,3.191,0.112,0.44,0.0753,14.63
KNSL,FINANCE,2023-09-30,0.899,30.57,31.95,0.352,10.2,1.77,0.247,11.69,0.0016,-
HSIC,TRADE & SERVICES,2023-06-30,0.841,18.73,16.47,0.0996,3.122,1.937,0.0364,3.42,0.0157,11.35
TW,FINANCE,2023-09-30,0.943,54.22,29.94,0.0736,2.758,1.466,0.289,1.72,0.0039,20.49
EME,REAL ESTATE & CONSTRUCTION,2023-09-30,1.122,18.42,-,0.266,3.818,1.32,0.0453,11.44,0.0034,11.39
NRG,ENERGY & TRANSPORTATION,2023-09-30,0.979,-,7.06,-0.411,1.45,0.525,-0.0596,-7.7,0.0332,4.105
GEN,TECHNOLOGY,2023-09-30,1.069,8.65,11.7,0.69,8.82,1.017,0.375,2.23,0.0259,22.43
TWLO,TECHNOLOGY,2023-09-30,1.339,-,400,-0.0858,0.893,44.96,-0.214,-4.77,0,-7.83
HRL,MANUFACTURING,2023-07-31,0.268,20.31,24.63,0.116,3.373,3.334,0.072,1.6,0.0338,17.29
WYNN,REAL ESTATE & CONSTRUCTION,2023-09-30,2.018,305.32,116.28,-5.61,13.94,0.528,0.0058,0.28,0.0117,52.27
ACI,TRADE & SERVICES,2023-08-31,0.367,10.49,7.02,0.38,2.539,1.433,0.0174,2.02,0.0227,4.323
WRK,MANUFACTURING,2023-09-30,1.107,-,9.56,-0.153,0.821,2.091,-0.0812,-6.44,0.0317,5.48
ROL,TRADE & SERVICES,2023-09-30,0.674,46.27,45.66,0.357,15.85,4.446,0.138,0.83,0.0156,34.11
BJ,TRADE & SERVICES,2023-07-31,0.365,18.31,19.01,0.487,10.02,1.899,0.0261,3.73,0,14.17
PODD,LIFE SCIENCES,2023-09-30,0.826,90.17,256.41,0.232,49.06,3.323,0.0771,1.72,0.0068,178.89
FFIV,TECHNOLOGY,2023-09-30,1.029,24.28,12.84,0.15,3.655,0.818,0.14,6.55,0.0329,16.7
TFX,LIFE SCIENCES,2023-09-30,1.035,23.26,22.27,0.0985,2.978,3.13,0.137,8.55,0.0068,34.4
ALLE,TRADE & SERVICES,2023-09-30,1.139,16.38,18.08,0.55,12.19,2.033,0.154,6.32,0.0174,17.69
QRVO,MANUFACTURING,2023-09-30,1.483,-,13.51,-0.0247,2.368,2.554,-0.0321,-0.92,0,8.91
BWA,MANUFACTURING,2023-09-30,1.427,7.9,8.59,0.159,1.423,0.601,0.0423,4.1,0.0136,6.48
FTI,TECHNOLOGY,2023-09-30,1.735,-,19.05,-0.0049,1.582,14.01,-0.0046,-0.05,0.0093,12.82
FIVE,TRADE & SERVICES,2023-07-31,1.181,36.21,30.86,0.209,8.4,1.425,0.0836,4.88,0,27.89
TTC,TECHNOLOGY,2023-07-31,0.773,23.41,21.64,0.273,9.22,1.34,0.0795,3.58,0.0162,20.74
MKTX,FINANCE,2023-09-30,0.912,33.78,37.74,0.224,10.38,2.784,0.338,6.6,0.0129,25.92
NTNX,TECHNOLOGY,2023-07-31,1.245,-,666.67,0,-,0.6,-0.137,-1.09,0,-24.91
AES,ENERGY & TRANSPORTATION,2023-09-30,1.053,-,16.72,-0.0787,7.6,2.127,-0.0439,-0.84,0.0423,30.85
QGEN,LIFE SCIENCES,2023-09-30,0.4,26.24,23.75,0.138,3.405,8.46,0.248,1.45,0.0258,14.09
AOS,MANUFACTURING,2023-09-30,1.252,36.23,18.12,0.165,5.15,1.812,0.0787,2.01,0.0176,12.14
HII,MANUFACTURING,2023-09-30,0.604,17.37,15.62,0.156,3.055,1.225,0.0478,13.24,0.0226,10.64
CZR,REAL ESTATE & CONSTRUCTION,2023-09-30,2.904,13.2,23.53,0.167,2.778,1.16,0.0616,3.28,0,9.17
FND,TRADE & SERVICES,2023-09-30,1.954,30.56,24.45,0.16,5.33,2.2,0.063,2.59,0,19.79
IBKR,FINANCE,2023-09-30,0.777,29.03,16.5,0.224,2.739,1.81,0.136,2.837,0.0049,7.19
BXP,REAL ESTATE & CONSTRUCTION,2023-09-30,1.206,42.63,24.63,0.0358,1.769,7.05,0.0648,1.23,0.0748,11.08
NLY,REAL ESTATE & CONSTRUCTION,2023-09-30,1.477,-,5.82,-0.197,1.087,-3.61,0,-5.26,0.153,-
RRX,MANUFACTURING,2023-09-30,1.095,-,10.81,-0.0013,1.291,1.081,-0.002,-0.18,0.0127,11.17
RGEN,LIFE SCIENCES,2023-09-30,1.058,72.69,56.5,0.0606,5.37,2.59,0.173,2.03,0.0268,38.2
EMN,LIFE SCIENCES,2023-09-30,1.494,15.49,10.92,0.108,1.924,2.918,0.0624,4.98,0.041,6.97
PNW,ENERGY & TRANSPORTATION,2023-09-30,0.51,16.94,18.83,0.077,1.44,39.15,0.101,4.16,0.0496,10.48
CUBE,REAL ESTATE & CONSTRUCTION,2023-09-30,0.659,21.68,31.75,0.132,3.319,6.31,0.362,1.68,0.0538,18.87
XPO,ENERGY & TRANSPORTATION,2023-09-30,1.974,101.35,9.01,0.0657,2.439,1.185,0.0049,0.82,0.0307,4.397
CCK,MANUFACTURING,2023-09-30,1.093,18.92,11.68,0.254,6.01,6.37,0.0417,4.25,0.0119,51.22
USD,,,,,,,,,,,,
ATR,MANUFACTURING,2023-09-30,0.614,29.86,26.81,0.137,3.763,2.082,0.0816,4.21,0.013,13.28
TTEK,TRADE & SERVICES,2023-06-30,1.002,27.38,29.33,0.228,7.02,2.231,0.0883,5.64,0.0067,22.05
NVT,TECHNOLOGY,2023-09-30,1.311,18.25,15.87,0.168,2.445,1.971,0.15,2.81,0.0137,14.45
KBR,REAL ESTATE & CONSTRUCTION,2023-09-30,1.116,-,17.21,-0.119,4.53,1.127,-0.0282,-1.49,0.0103,17.48
PFGC,TRADE & SERVICES,2023-09-30,1.353,22.67,17.15,0.117,2.781,0.666,0.0079,2.69,0,14.73
CTLT,LIFE SCIENCES,2023-06-30,1.263,-,13.19,-0.0493,1.771,1.177,-0.0543,-1.29,0,11.84
MTN,TRADE & SERVICES,2023-07-31,1.184,32.76,33.0,0.179,8.36,2,0.0928,6.75,0.0373,14.51
FOXA,TECHNOLOGY,2023-09-30,0.872,14.7,9.17,0.094,1.498,2.154,0.0697,2.05,0.0173,8.35
WSC,TRADE & SERVICES,2023-09-30,1.499,21.45,29.5,0.237,5.77,1.966,0.203,1.71,0,15.27
RRC,ENERGY & TRANSPORTATION,2023-09-30,2.099,5.97,5.08,0.49,2.954,1.466,0.446,5.51,0.0097,4.628
NOV,TECHNOLOGY,2023-09-30,1.884,15.32,17.54,0.0932,1.634,-0.31,0.06,1.26,0.0104,20.98
USFD,TRADE & SERVICES,2023-09-30,1.507,23.61,13.0,0.0988,2.041,0.692,0.0129,1.8,0,14.45
DOCU,TECHNOLOGY,2023-07-31,0.883,-,27.03,-0.0272,21.1,1.536,-0.0064,-0.09,0,-316.26
PCTY,TECHNOLOGY,2023-09-30,1.051,58.56,76.92,0.193,18.47,2.443,0.117,2.55,0,86.88
ITT,TECHNOLOGY,2023-09-30,1.411,19.62,15.8,0.195,3.241,1.155,0.135,5.24,0.0113,12.34
JNPR,TECHNOLOGY,2023-09-30,0.932,24.23,14.62,0.0845,2.475,1.185,0.0649,1.12,0.0324,14.81
ROKU,TECHNOLOGY,2023-09-30,1.741,-,57.8,-0.342,2.594,None,-0.258,-6.19,0,-45.32
WTRG,ENERGY & TRANSPORTATION,2023-09-30,0.768,18.71,25.64,0.0848,2.393,3.665,0.209,1.8,0.0365,19.72
APP,TECHNOLOGY,2023-09-30,1.83,141.71,5.99,0.0705,2.08,0.299,0.0346,0.28,0,10.46
RHI,TRADE & SERVICES,2023-09-30,1.266,17.42,13.07,0.307,5.5,1.373,0.0709,4.42,0.0249,7.47
CLH,ENERGY & TRANSPORTATION,2023-09-30,1.382,24.21,16.03,0.18,3.495,188.43,0.0677,6.66,0.032,9.06
AR,ENERGY & TRANSPORTATION,2023-09-30,3.491,9.36,3.425,0.15,1.537,0.419,0.169,2.75,0.0332,4.014
U,TECHNOLOGY,2023-09-30,2.451,-,1428.57,-0.303,5.95,None,-0.423,-2.33,0,-22.05
NWSA,MANUFACTURING,2023-09-30,1.363,87.17,27.62,0.0205,1.366,10.01,0.014,0.24,0.0096,9.68
JAZZ,LIFE SCIENCES,2023-09-30,0.728,144.82,9.11,0.0257,3.613,3.994,0.0211,0.83,0.0275,16.96
WEX,TRADE & SERVICES,2023-09-30,1.596,27.87,11.38,0.163,4.25,1.515,0.108,6.16,0.0223,12.01
SCI,TRADE & SERVICES,2023-09-30,0.792,18.11,19.84,0.297,6.36,1.653,0.121,3.2,0.02,10.98
LEA,MANUFACTURING,2023-09-30,1.611,13.46,9.9,0.136,1.791,0.36,0.0245,9.47,0.0242,8.82
GLOB,TECHNOLOGY,2023-06-30,1.311,50.2,65.36,0.0973,5.37,1.67,0.0774,3.46,0,38.13
WMS,MANUFACTURING,2023-09-30,1.425,18.99,15.29,0.457,6.19,1.66,0.169,5.96,0.0049,10.22
AFG,FINANCE,2023-09-30,0.804,10.66,19.08,0.219,2.944,2.78,0.119,10.17,0.0262,-
CHDN,TRADE & SERVICES,2023-09-30,1.08,25.2,-,0.48,13.82,2.58,0.151,4.72,0.0032,12.98
OHI,REAL ESTATE & CONSTRUCTION,2023-09-30,0.962,32.39,10.39,0.0617,1.888,1.13,0.272,0.98,0.0844,12.27
CELH,MANUFACTURING,2023-09-30,1.846,120.63,111.11,0.162,148.79,0,0.135,1.43,0.0059,-75.41
AIZ,FINANCE,2023-09-30,0.496,16.6,9.27,0.123,1.619,1.46,0.0489,9.82,0.0177,-
CW,TECHNOLOGY,2023-09-30,1.186,23.26,86.21,0.169,3.449,2.71,0.122,8.92,0.0038,15.77
AAL,ENERGY & TRANSPORTATION,2023-09-30,1.582,4.937,8.33,0,-,0.627,0.0304,2.39,0.0303,-361.05
FMC,LIFE SCIENCES,2023-09-30,0.897,10.9,15.5,0.184,5.01,1.846,0.1,4.7,0.0453,16.26
TOL,REAL ESTATE & CONSTRUCTION,2023-07-31,1.476,5.83,5.95,0.256,0.955,2.588,0.147,13.77,0.0105,5.11
CACI,TECHNOLOGY,2023-09-30,0.996,19.84,14.33,0.121,2.274,3.38,0.0549,16.43,0.0173,14.01
ETSY,TRADE & SERVICES,2023-09-30,2.017,25.6,37.59,-12.24,21.42,3.564,0.123,2.47,0,35.6
WWD,MANUFACTURING,2023-06-30,1.435,40.8,27.25,0.102,2.921,1.817,0.0734,3.31,0.0065,17.59
CLF,ENERGY & TRANSPORTATION,2023-09-30,2.163,24.7,6.52,0.0492,1.151,-0.22,0.0155,0.67,0.0345,2.839
PRI,FINANCE,2023-09-30,1.163,15.85,10.83,0.24,3.22,1.05,0.166,12.97,0.0127,-
BURL,TRADE & SERVICES,2023-07-31,1.224,32.27,29.33,0.364,19.89,3.913,0.0292,4.05,0,30.04
BLD,REAL ESTATE & CONSTRUCTION,2023-09-30,1.585,14.1,11.31,0.288,2.84,0,0.118,19.24,0,8.06
UHS,LIFE SCIENCES,2023-09-30,1.279,13.48,12.21,0.112,1.596,1.87,0.0482,9.66,0.0062,8.94
AGCO,TECHNOLOGY,2023-09-30,1.402,7.54,10.13,0.293,2.813,1.933,0.0796,15.39,0.01,9.11
FBIN,REAL ESTATE & CONSTRUCTION,2023-09-30,1.6,17.33,-,0.172,-,None,0.0942,3.52,0.0151,-
DINO,ENERGY & TRANSPORTATION,2023-09-30,1.377,4.678,5.67,0.232,1.085,0.146,0.0673,11.5,0.0335,3.132
HEI,MANUFACTURING,2023-07-31,1.171,57.41,51.81,0.145,8.72,4.7,0.15,2.88,0.0012,33.47
CPB,MANUFACTURING,2023-07-31,0.348,14.18,19.57,0.245,4.86,3.304,0.0917,2.85,0.0366,13.74
OLED,MANUFACTURING,2023-09-30,1.356,36.12,28.9,0.159,4.536,0.963,0.351,4.31,0.009,17.02
NYCB,FINANCE,2023-09-30,1.149,2.378,7.97,0.316,0.966,0.524,1.011,3.91,0.0731,-
SOFI,REAL ESTATE & CONSTRUCTION,2023-09-30,1.89,-,-,-0.0715,0.842,None,-0.204,-0.45,0,-
X,MANUFACTURING,2023-09-30,2.089,7.4,6.19,0.106,0.57,1.68,0.063,4.64,0.0058,1.325
KNX,ENERGY & TRANSPORTATION,2023-09-30,1.197,21.31,13.68,0.0538,1.351,4.426,0.0542,2.34,0.0112,5.99
SWN,ENERGY & TRANSPORTATION,2023-09-30,1.398,1.41,3.255,1.287,4.574,0.155,0.623,4.61,0.0287,4.441
GWRE,TECHNOLOGY,2023-07-31,1.154,-,2000,-0.0844,4.475,68.73,-0.124,-1.36,0,-25.76
DCI,TECHNOLOGY,2023-07-31,1.179,20.35,19.8,0.292,6.31,1.92,0.105,2.95,0.0169,13.81
BIO,LIFE SCIENCES,2023-09-30,0.913,-,28.01,-0.0189,1.517,1.074,-0.0586,-6.02,0.0171,-1.591
CHE,LIFE SCIENCES,2023-09-30,0.49,36.11,25.71,0.281,10.68,2.571,0.11,16.12,0.0027,19.58
COLD,REAL ESTATE & CONSTRUCTION,2023-09-30,0.578,-,121.95,-0.0264,2.061,4.026,-0.0393,-0.37,0.0352,29.19
ORI,FINANCE,2023-09-30,0.842,8.98,-,0.159,1.286,-0.85,0.12,3.11,0.0351,-
FRT,REAL ESTATE & CONSTRUCTION,2023-09-30,1.265,26.91,39.84,0.0945,3.189,3.31,0.257,3.44,0.0471,16.08
MAT,MANUFACTURING,2023-09-30,1.183,80.39,9.47,0.0416,3.087,0.754,0.0159,0.23,0.0388,8.35
GNTX,MANUFACTURING,2023-09-30,0.971,17.47,14.43,0.185,3.163,1.036,0.18,1.7,0.0162,13.44
EGP,REAL ESTATE & CONSTRUCTION,2023-09-30,0.983,42.52,-,0.0805,3.385,5.78,0.319,3.95,0.0302,21.19
HAS,MANUFACTURING,2023-09-30,0.745,-,10.82,-0.213,2.783,1.406,-0.103,-4.02,0.065,7.68
RGLD,REAL ESTATE & CONSTRUCTION,2023-09-30,0.647,30.26,26.88,0.11,2.68,1.41,0.425,3.54,0.014,14.5
DBX,TECHNOLOGY,2023-09-30,0.859,17.06,12.94,0.168,29.81,2.291,0.225,1.56,0,23.29
PEN,LIFE SCIENCES,2023-09-30,0.578,172.8,277.78,0.0391,8.77,-62.27,0.0408,1.05,0,-565.21
LAD,TRADE & SERVICES,2023-09-30,1.574,6.83,5.49,0.189,1.232,0.546,0.0341,37.62,0.0078,6.02
XP,FINANCE,2023-06-30,1.667,16.95,10.68,0.206,2.511,None,0.278,1.32,0.0261,1.249
MUSA,TRADE & SERVICES,2023-09-30,0.751,15.29,23.15,0.651,8.32,3.303,0.0268,23.81,0.0045,7.18
EWBC,FINANCE,2023-09-30,1.41,6.38,7.53,0.205,1.603,0.234,0.54,8.86,0.034,-
DAR,MANUFACTURING,2023-09-30,1.362,9.51,9.19,0.18,2.779,14.47,0.104,4.42,0.0994,9.88
BWXT,TECHNOLOGY,2023-09-30,0.814,31.52,21.14,0.281,7.64,2.31,0.0931,2.43,0.012,13.2
LAMR,REAL ESTATE & CONSTRUCTION,2023-09-30,1.428,23.01,29.5,0.336,7.56,7.43,0.197,4.04,0.0538,15.67
SWAV,LIFE SCIENCES,2023-09-30,1.007,25.12,61.73,0.51,22.4,None,0.363,6.41,0,80.48
NYT,MANUFACTURING,2023-09-30,1.116,37.57,29.33,0.121,3.715,2.11,0.0809,1.16,0.0101,15.99
ACHC,LIFE SCIENCES,2023-09-30,1.44,-,26.04,-0.0044,2.826,1.32,-0.0064,-0.2,0,16.32
PARA,TECHNOLOGY,2023-09-30,1.778,-,13.35,-0.0591,0.555,1.817,-0.0365,-2.33,0.0165,5.26
IONS,LIFE SCIENCES,2023-09-30,0.458,-,90.91,-0.9,9.15,25.7,-0.666,-2.87,0.0307,136.06
BBWI,TRADE & SERVICES,2023-07-31,1.833,10.28,10.96,0,-,1.584,0.0947,3.02,0.0258,8.46
EXEL,TRADE & SERVICES,2023-09-30,0.589,72.41,10.58,0.0381,2.042,0.316,0.0519,0.29,0.0247,9.66
BERY,MANUFACTURING,2023-06-30,1.195,10.91,8.12,0.202,2.38,1.19,0.0505,5.31,0.0173,7.79
OGE,ENERGY & TRANSPORTATION,2023-09-30,0.708,16.33,19.61,0.0933,1.827,3.78,0.149,2.08,0.0492,6.97
SITE,LIFE SCIENCES,2023-09-30,1.491,32.91,25,0.125,4.169,2.52,0.0416,3.85,0,13.43
RBC,TECHNOLOGY,2023-09-30,1.424,40.48,14.53,0.0738,2.602,1.452,0.123,5.65,0.0176,25.67
ARW,TRADE & SERVICES,2023-09-30,1.438,6.71,4.704,0.197,1.281,0.884,0.0306,17.96,0.041,4.543
BRKR,LIFE SCIENCES,2023-09-30,1.142,26.76,26.11,0.293,10.42,3.64,0.113,2.16,0.0035,19.68
ALLY,FINANCE,2023-09-30,1.356,6.92,4.973,0.0968,0.753,0.305,0.166,3.69,0.047,-
WBS,FINANCE,2023-09-30,1.321,7.5,6.7,0.116,1.058,1.93,0.362,5.25,0.0407,-
TPX,MANUFACTURING,2023-09-30,1.692,16.87,12.79,0.983,16.98,1.06,0.0795,2.22,0.0117,9.96
CGNX,LIFE SCIENCES,2023-09-30,1.53,39.98,34.25,0.109,6.42,2.04,0.179,0.91,0.0082,30.4
WHR,MANUFACTURING,2023-09-30,1.578,-,9.51,-0.488,1.875,1.649,-0.0837,-28.87,0.0638,8.4
Z,TRADE & SERVICES,2023-09-30,1.799,-,27.93,-0.0344,1.963,0.73,-0.0824,-0.65,0,-21.88
XRAY,LIFE SCIENCES,2023-09-30,0.996,-,17.64,-0.0627,1.906,18.91,-0.0544,-1.01,0.0197,-17.01
TPR,MANUFACTURING,2023-09-30,1.504,7.16,9.7,0.401,3.888,0.99,0.14,3.93,0.0498,9.2
SKX,MANUFACTURING,2023-09-30,1.366,14.67,14.49,0.157,1.901,1.19,0.0675,3.41,0.0404,10.78
BEN,FINANCE,2023-09-30,1.373,13.33,11.25,0.0805,1.18,39.7,0.113,1.72,0.0524,8.22
VOYA,FINANCE,2023-09-30,1.133,11.46,7.91,0.138,1.466,1.19,0.0985,6.06,0.023,-
HRB,TRADE & SERVICES,2023-09-30,0.645,12.85,10.58,0.461,27.09,0.846,0.161,3.5,0.0285,9.44
EHC,LIFE SCIENCES,2023-09-30,0.907,17.91,16.67,0.237,4.605,None,0.0754,3.51,0.0094,8.33
DKS,TRADE & SERVICES,2023-07-31,1.517,9.95,10.3,0.42,4.105,58.87,0.0803,11.31,0.0355,6.38
TOST,TECHNOLOGY,2023-09-30,1.771,-,-,-0.273,8.98,None,-0.0862,-0.6,0,-34.97
NCLH,ENERGY & TRANSPORTATION,2023-09-30,2.571,-,11.44,-0.5,15.9,0.925,-0.026,-0.53,0,-19.08
NNN,REAL ESTATE & CONSTRUCTION,2023-09-30,0.925,17.93,17.73,0.0946,2.058,4.92,0.477,2.13,0.0592,17.48
MIDD,TECHNOLOGY,2023-09-30,1.56,14.24,13.48,0.164,2.976,1.164,0.113,8.44,0.0204,13.29
FCN,TRADE & SERVICES,2023-09-30,0.165,32.67,-,0.137,3.433,1.61,0.0721,6.76,0.0246,17.25
GPK,MANUFACTURING,2023-09-30,0.902,9.8,8.96,0.304,3.648,1.13,0.0714,2.21,0.0185,11.58
JEF,MANUFACTURING,2023-09-30,1.43,24.24,9.69,0.0327,0.806,None,0.0721,1.4,0.0354,14.06
GMED,LIFE SCIENCES,2023-09-30,1.099,30.04,32.26,0.0531,4.211,2.928,0.129,1.47,0,26.14
JLL,REAL ESTATE & CONSTRUCTION,2023-09-30,1.361,29.65,10.22,0.0377,1.374,2.818,0.0111,4.73,0.0083,8.1
LSTR,ENERGY & TRANSPORTATION,2023-09-30,0.88,20.25,18.42,0.313,7.08,2.48,0.0518,8.35,0.0075,9.25
G,TRADE & SERVICES,2023-09-30,1.175,13.98,18.32,0.23,4.819,1.7,0.0969,2.31,0.017,14.87
GNRC,MANUFACTURING,2023-09-30,1.314,40.93,13.97,0.0813,2.764,2.034,0.0472,2.53,0,10.09
TREX,MANUFACTURING,2023-09-30,1.488,34.31,29.85,0.31,8.75,1.17,0.177,1.79,0.017,13.94
CIEN,MANUFACTURING,2023-07-31,0.961,30.02,19.76,0.0788,2.777,0.77,0.0523,1.47,0.0042,20.33
GXO,ENERGY & TRANSPORTATION,2023-09-30,1.888,32.9,17.95,0.0761,2.14,1.497,0.0209,1.65,0,14.82
OLN,LIFE SCIENCES,2023-09-30,1.43,9.47,8.14,0.244,2.889,1.82,0.0839,4.62,0.0183,3.805
CG,FINANCE,2023-09-30,1.712,52,7.36,0.0505,1.802,7.58,0.0931,0.58,0.0464,8.6
ESTC,TECHNOLOGY,2023-07-31,0.884,-,-,-0.534,14.67,None,-0.193,-2.23,0,-30.02
SCCO,ENERGY & TRANSPORTATION,2023-09-30,1.291,19.0,44.64,0.375,6.26,1.2,0.277,3.72,0.0566,9.63
SAIC,TECHNOLOGY,2023-07-31,0.701,12.31,13.48,0.286,3.618,3.67,0.0649,9.13,0.0132,13.83
STAG,REAL ESTATE & CONSTRUCTION,2023-09-30,1.018,34.24,-,0.0529,1.736,-402.43,0.26,1.01,0.0425,14.44
INGR,MANUFACTURING,2023-09-30,0.81,10.96,12.52,0.193,2.108,1.352,0.0761,9.34,0.0305,9.38
TXRH,TRADE & SERVICES,2023-09-30,0.939,23.9,20.08,0.284,6.49,2.008,0.0653,4.36,0.0211,15.31
OSK,MANUFACTURING,2023-09-30,1.356,11.69,13.83,0.162,1.956,6.54,0.0556,7.94,0.0177,10.17
KRTX,LIFE SCIENCES,2023-09-30,1.104,-,-,-0.316,5.94,None,0,-10.95,0,-25.22
HOOD,FINANCE,2023-09-30,1.328,-,-,-0.109,1.159,None,-0.415,-0.82,0,-2.867
FR,REAL ESTATE & CONSTRUCTION,2023-09-30,1.033,21.43,53.76,0.109,2.673,3.74,0.443,2.02,0.0296,16.16
BRX,REAL ESTATE & CONSTRUCTION,2023-09-30,1.558,18.79,15.17,0.119,2.434,1.68,0.275,1.12,0.0518,13.98
OWL,FINANCE,2023-09-30,1.22,167.88,15.67,0.0258,2.948,None,0.0232,0.08,0.0573,31.25
SF,FINANCE,2023-09-30,1.243,13.85,9.14,0.102,1.404,4.025,0.125,4.34,0.024,-
CPRI,MANUFACTURING,2023-09-30,2.136,17.19,7.98,0.163,3.533,1.132,0.0613,2.74,0,8.93
WCC,TRADE & SERVICES,2023-09-30,2.013,9.42,7.63,0.186,1.768,0.724,0.0375,14.99,0.0106,8.25
ARMK,TRADE & SERVICES,2023-06-30,1.638,13.71,22.83,0.168,3.643,1.57,0.0297,2.08,0.0154,15.81
MORN,FINANCE,2023-09-30,1.144,161.3,-,0.0585,8.21,0,0.0359,1.65,0.0056,29.99
EXP,MANUFACTURING,2023-09-30,1.344,12.28,11.44,0.397,4.368,2.51,0.222,13.66,0.006,8.8
AXTA,LIFE SCIENCES,2023-09-30,1.43,27.82,14.95,0.161,4.624,2.02,0.0464,1.07,0,12.85
FHN,FINANCE,2023-09-30,0.985,6.72,12.69,0.117,1.88,1.67,0.319,1.68,0.0531,-
SEIC,FINANCE,2023-09-30,1.009,16.78,16.47,0.226,4.238,1.684,0.24,3.37,0.0152,9.94
PATH,TECHNOLOGY,2023-07-31,0.594,-,80.65,-0.0927,3.849,2.312,-0.155,-0.31,0,-17.03
AYI,MANUFACTURING,2023-08-31,1.448,16.31,12.9,0.176,2.996,1.291,0.0876,10.76,0.003,9.91
WH,REAL ESTATE & CONSTRUCTION,2023-09-30,1.382,22.31,17.73,0.31,5.39,1.451,0.216,3.44,0.0182,11.84
ST,LIFE SCIENCES,2023-09-30,1.328,15.54,12.2,0.099,2.166,1.127,0.0764,2.03,0.0152,10.98
HLI,FINANCE,2023-09-30,0.779,27.37,15.06,0.162,4.442,6.54,0.141,3.75,0.0214,10.3
AZPN,TECHNOLOGY,2023-09-30,0.795,-,30.49,-0.01,1.037,1.641,-0.126,-2.03,0.049,40.25
LFUS,MANUFACTURING,2023-09-30,1.321,18.39,15.41,0.138,2.758,1.356,0.127,12.36,0.0114,11.82
HR,REAL ESTATE & CONSTRUCTION,2023-09-30,0.708,-,11.03,-0.037,0.97,4.67,-0.203,-0.84,0.0854,25.63
MSA,LIFE SCIENCES,2023-09-30,1.019,188.56,-,0.0393,6.28,1.7,0.0194,0.85,0.0117,37.32
HXL,LIFE SCIENCES,2023-09-30,1.224,34.33,31.15,0.104,3.406,0.626,0.0914,1.89,0.0077,18.95
MEDP,TRADE & SERVICES,2023-09-30,1.366,32.36,26.95,0.666,18.72,1.97,0.153,8.51,0,23.78
VFC,MANUFACTURING,2023-09-30,1.517,-,11.78,-0.0813,3.531,1.51,-0.0189,-0.55,0.0242,17.21
STWD,REAL ESTATE & CONSTRUCTION,2023-09-30,1.686,14.86,9.34,0.0705,0.962,2.73,1.088,1.29,0.1,-
THC,LIFE SCIENCES,2023-09-30,2.192,12.28,7.73,0.232,4.016,3.39,0.0233,4.38,0.0203,5.76
RLI,FINANCE,2023-09-30,0.371,21.75,27.4,0.214,4.143,3.82,0.2,6.24,0.008,-
CFLT,TECHNOLOGY,2023-09-30,1.023,-,-,-0.578,8.69,None,-0.621,-1.54,0,-13.16
CBSH,FINANCE,2023-09-30,0.766,11.41,16.29,0.204,3.524,3.58,0.325,3.97,0.0238,-
ALSN,MANUFACTURING,2023-09-30,0.969,7.54,8.02,0.662,5.22,16.66,0.216,7.04,0.0173,7.0
SMAR,TECHNOLOGY,2023-07-31,0.871,-,1250,-0.288,10.39,None,-0.168,-1.1,0,-22.25
FAF,FINANCE,2023-09-30,1.267,23.62,9.51,0.0519,1.24,2.04,0.0379,2.27,0.0395,-
CMA,FINANCE,2023-09-30,1.273,4.683,6.94,0.239,1.847,0.316,0.322,8.83,0.0687,-
PII,MANUFACTURING,2023-09-30,1.696,8.58,9.92,0.506,5.99,0.867,0.0652,10.23,0.0296,8.72
VVV,ENERGY & TRANSPORTATION,2023-09-30,1.365,26.42,23.7,0.788,18.08,1.104,0.981,1.23,0.0154,26.11
PCOR,TECHNOLOGY,2023-09-30,0.689,-,-,-0.206,6.49,None,-0.259,-1.64,0,-29.89
CFR,FINANCE,2023-09-30,1.058,8.9,12.87,0.236,3.32,0.495,0.351,10.45,0.0396,-
DTM,ENERGY & TRANSPORTATION,2023-09-30,0.82,15.42,14.49,0.0863,1.397,None,0.378,3.53,0.0502,10.5
IRDM,MANUFACTURING,2023-09-30,1.05,-,833.33,-0.0226,5.66,1.42,-0.0296,-0.18,0.0145,21.11
AGL,LIFE SCIENCES,2023-09-30,0.947,-,114.94,-0.0908,6.57,None,-0.0212,-0.22,0,-69.29
MKSI,LIFE SCIENCES,2023-09-30,1.627,-,9.9,-0.519,1.368,0.61,-0.45,-25.81,0.0124,12.64
ZI,TECHNOLOGY,2023-09-30,1.062,37.53,33.0,0.0612,5.76,None,0.111,0.34,0,48.53
AGNC,REAL ESTATE & CONSTRUCTION,2023-09-30,1.275,17.5,4.082,0.0414,1.037,17.55,0.788,0.48,0.171,-
WING,TRADE & SERVICES,2023-09-30,1.437,91.71,84.03,0,-,7.02,0.158,2.3,0.0042,61.86
BC,TECHNOLOGY,2023-09-30,1.497,10.0,6.97,0.246,2.612,0.97,0.0757,7.04,0.0227,6.68
ADC,REAL ESTATE & CONSTRUCTION,2023-09-30,0.54,33.32,25,0.0338,1.443,-28.74,0.324,1.7,0.0523,22.25
UHALB,,,,,,,,,,,,
ZION,FINANCE,2023-09-30,1.15,6.1,6.84,0.167,1.671,0.538,0.272,5.4,0.0498,-
SON,MANUFACTURING,2023-09-30,0.708,10.88,10.99,0.23,3.083,14.63,0.072,4.96,0.0378,9.82
FLS,TECHNOLOGY,2023-09-30,1.564,20.14,17.24,0.146,2.45,1.724,0.0585,1.87,0.0212,20.89
CROX,MANUFACTURING,2023-09-30,1.935,7.34,8.86,0.739,9.47,-31.83,0.171,10.85,0.135,10.57
MTG,FINANCE,2023-09-30,1.292,7.16,6.22,0.153,0.859,1.54,0.619,2.47,0.026,-
MSM,TRADE & SERVICES,2023-08-31,0.968,16.13,13.37,0.24,3.463,1.865,0.0856,6.11,0.0337,10.19
DLB,REAL ESTATE & CONSTRUCTION,2023-06-30,1.006,38.72,20.53,0.0907,3.126,2.075,0.17,2.25,0.0124,19.62
H,REAL ESTATE & CONSTRUCTION,2023-09-30,1.374,24.27,45.45,0.139,3.099,15.51,0.136,4.45,0.0056,16.77
NEWR,TECHNOLOGY,2023-09-30,0.844,-,90.09,-0.338,13.24,224.36,-0.149,-2.09,0,-30.79
PNFP,FINANCE,2023-09-30,1.142,8.43,9.2,0.108,1.12,0.6,0.378,7.74,0.0135,-
IVZ,FINANCE,2023-09-30,1.437,10.06,11.61,0.0483,0.815,37.61,0.145,1.3,0.0612,10.75
IDA,ENERGY & TRANSPORTATION,2023-09-30,0.592,17.58,20.58,0.0954,1.963,3.32,0.153,5.36,0.0352,13.56
APLS,LIFE SCIENCES,2023-09-30,0.969,-,-,-2.246,17.67,None,-2.221,-5.23,0,-8.03
NFG,ENERGY & TRANSPORTATION,2023-09-30,0.689,9.71,9.56,0.189,2.774,2.05,0.219,5.21,0.0394,7.12
VNT,LIFE SCIENCES,2023-09-30,1.225,14.95,6.67,0.535,6.06,0.842,0.106,2.16,0.0031,7.35
KEX,ENERGY & TRANSPORTATION,2023-09-30,1.239,23.2,44.05,0.0647,1.287,2.627,0.0656,3.3,0.106,13.34
NXST,TECHNOLOGY,2023-09-30,1.527,12.49,11.2,0.132,2.34,1.523,0.0851,11.72,0.0369,6.27
VMI,MANUFACTURING,2023-09-30,1.11,27.87,21.46,0.0971,4.684,1.81,0.0362,7.24,0.0119,16.69
EVR,FINANCE,2023-09-30,1.47,17.85,9.7,0.213,2.962,1.325,0.127,7.76,0.0219,6.32
AA,MANUFACTURING,2023-09-30,2.461,-,12.02,-0.149,1.485,-0.29,-0.0844,-4.99,0.0162,5.12
WAL,FINANCE,2023-09-30,1.415,5.61,5.01,0.161,1.296,1.84,0.336,7.88,0.0326,-
THO,MANUFACTURING,2023-07-31,1.845,13.14,9.76,0.0987,1.228,3.8,0.0337,6.95,0.021,3.433
SRC,REAL ESTATE & CONSTRUCTION,2023-09-30,1.307,21.63,25.51,0.0575,1.333,1.08,0.343,1.76,0.0704,14.5
OLLI,TRADE & SERVICES,2023-07-31,0.964,32.77,18.32,0.11,2.42,2.08,0.0769,2.4,0,23.36
UBFUT,,,,,,,,,,,,
WTFC,FINANCE,2023-09-30,1.201,7.84,7.65,0.133,1.193,4.57,0.302,9.95,0.0205,-
BFAM,TRADE & SERVICES,2023-09-30,1.264,54.91,-,0.0804,3.792,1.76,0.0372,1.49,0,23.01
BPOP,FINANCE,2023-09-30,0.903,6.96,6.52,0.173,1.294,1.75,0.269,9.77,0.0323,-
DXC,TECHNOLOGY,2023-09-30,1.901,-,5.46,-0.132,1.361,0.28,-0.04,-2.38,0.0507,3.229
R,TRADE & SERVICES,2023-09-30,1.474,10.24,-,0.158,1.401,1.22,0.0412,10.11,0.0274,3.379
RL,MANUFACTURING,2023-09-30,1.427,14.77,12.24,0.228,3.231,1.734,0.0812,7.83,0.0259,9.17
AIRC,REAL ESTATE & CONSTRUCTION,2023-09-30,0.915,4.557,131.58,0.417,2.711,2.064,1.198,6.48,0.061,6.25
ELAN,LIFE SCIENCES,2023-09-30,1.026,-,10.24,-0.178,0.9,1.845,-0.262,-2.32,0,14.18
PB,FINANCE,2023-09-30,0.966,11.04,11.04,0.0677,0.953,4.089,0.415,5.01,0.0405,-
UGI,ENERGY & TRANSPORTATION,2023-06-30,1.116,-,12.25,-0.268,1.379,2.65,-0.147,-6.65,0.0727,6.67
TDC,TECHNOLOGY,2023-09-30,0.993,77.83,18.38,0.347,15.06,3.537,0.0339,0.6,0.0913,13.71
AXS,FINANCE,2023-09-30,0.83,8.61,7.27,0.121,1.265,-10.28,0.101,6.25,0.0327,-
SNX,TECHNOLOGY,2023-08-31,1.526,13.69,7.76,0.0819,1.203,0.776,0.0111,6.96,0.0147,9.73
AMG,FINANCE,2023-09-30,1.292,4.598,8.55,0.33,2.139,0.918,0.599,28.8,0.0003,6.19
PVH,MANUFACTURING,2023-08-31,2.07,25.32,7.55,0.0356,0.993,0.675,0.02,3.02,0.002,11.26
PLNT,TRADE & SERVICES,2023-09-30,1.317,39.84,43.86,0,-,1.69,0.137,1.61,0,28.05
AVT,TRADE & SERVICES,2023-09-30,1.357,5.43,6.77,0.18,0.978,2.526,0.0305,8.58,0.0266,5.34
RITM,REAL ESTATE & CONSTRUCTION,2023-09-30,1.841,6.74,6.42,0.112,0.735,None,0.357,1.45,0.102,-
POST,MANUFACTURING,2023-06-30,0.606,16.49,28.74,0.087,1.67,1.189,0.0482,5.1,0,6.81
TKR,TECHNOLOGY,2023-09-30,1.554,12.05,11.09,0.186,2.483,0.923,0.0909,5.95,0.0184,9.12
SEE,LIFE SCIENCES,2023-09-30,1.276,15.18,12.52,0.987,34.88,10.81,0.0565,2.13,0.0247,9.68
OGN,LIFE SCIENCES,2023-09-30,0.907,4.877,5.03,0,1.843,None,0.0951,2.28,0.101,8.06
OMF,FINANCE,2023-09-30,1.699,6.85,5.09,0.215,1.446,0.61,0.257,5.45,0.107,-
GFS,MANUFACTURING,2023-09-30,1.829,20.46,27.86,0.141,3.949,None,0.185,2.54,0,13.37
RYAN,FINANCE,2023-09-30,0.464,96.54,31.85,0.214,10.39,None,0.029,0.46,0,-
FIVN,TECHNOLOGY,2023-09-30,0.774,-,46.73,-0.218,19.18,1.873,-0.0944,-1.16,0,-177.52
BYD,REAL ESTATE & CONSTRUCTION,2023-09-30,1.735,8.44,10.83,0.423,3.972,0.85,0.189,6.79,0.0112,8.25
INSP,LIFE SCIENCES,2023-09-30,1.471,-,-,-0.0646,15.72,None,-0.0575,-1.11,0,-151.4
ESI,LIFE SCIENCES,2023-09-30,1.285,91.76,13.23,0.0224,1.992,0,0.023,0.21,0.0166,12.67
NTRA,LIFE SCIENCES,2023-09-30,1.179,-,-,-0.871,11.74,0,-0.505,-4.51,0,-7.95
AM,ENERGY & TRANSPORTATION,2023-09-30,2.238,17.12,13.62,0.162,2.336,1.17,0.324,0.73,0.072,10.18
ALK,ENERGY & TRANSPORTATION,2023-09-30,1.583,17.04,8.1,0.0654,1.516,1.3,0.025,2.01,0.0503,11.31
MHK,MANUFACTURING,2023-09-30,1.27,-,9.09,-0.0722,0.828,0.932,-0.0488,-8.58,0.0237,8.87
CR,MANUFACTURING,2023-09-30,1.469,13.64,-,0.283,-,None,0.0899,7.4,0.0071,-
THG,FINANCE,2023-09-30,0.615,-,14.39,-0.0389,2.138,-23.25,-0.0142,-2.41,0.0286,-
AN,TRADE & SERVICES,2023-09-30,1.202,5.67,5.63,0.496,2.555,1.052,0.0406,23.4,0.0196,4.66
RH,TRADE & SERVICES,2023-08-31,2.271,17.7,12.76,0.693,5.01,1.563,0.102,13.19,0,10.58
MTZ,REAL ESTATE & CONSTRUCTION,2023-09-30,1.56,-,15.97,-0.0172,2.744,0.99,-0.0041,-0.61,0.0057,14.3
COLB,FINANCE,2023-09-30,0.928,22.27,8.33,0.0959,1.145,2.26,0.208,0.92,0.0737,-
NVST,LIFE SCIENCES,2023-09-30,1.473,19.97,17.3,0.0462,1.405,None,0.0739,1.08,0,15.0
OZK,TECHNOLOGY,2023-09-30,1.34,6.59,7.53,0.144,1.139,None,0.508,5.71,0.0393,-
FYBR,TECHNOLOGY,2023-09-30,0.904,28.51,35.97,0.0328,1.231,None,0.029,0.68,0,-
PRGO,LIFE SCIENCES,2023-09-30,0.88,355,10.89,0.0023,0.924,2.45,-0.0009,0.08,0.0385,22.85
GTLB,TECHNOLOGY,2023-07-31,0.189,-,-,-0.237,9.65,None,-0.378,-1.25,0,-32.09
WOLF,MANUFACTURING,2023-09-30,1.682,-,1111.11,-0.262,4.868,None,-0.752,-3.53,0.0345,-120.86
AFRM,FINANCE,2023-09-30,2.956,-,-,-0.353,22.61,None,-0.526,-3.05,0,-5.79
ESAB,TECHNOLOGY,2023-09-30,None,21.51,10.93,0.161,2.314,None,0.0785,3.58,0.0031,9.28
GME,TRADE & SERVICES,2023-07-31,-0.151,-,36.76,-0.0765,5.14,0.86,-0.0172,-0.32,0.378,-13.14
LSXMK,TECHNOLOGY,2023-09-30,1.141,9.78,12.5,0.0927,1.575,1.08,0.101,2.6,0,10.08
HOG,MANUFACTURING,2023-09-30,1.416,5.4,9.35,0.231,2.374,1.591,0.122,4.93,0.0248,11.07
WLK,LIFE SCIENCES,2023-09-30,1.285,13.03,10.01,0.117,1.46,1.59,0.0928,9.36,0.0129,3.745
MDU,ENERGY & TRANSPORTATION,2023-09-30,0.697,7.03,13.97,0.17,1.782,2.15,0.049,2.61,0.0273,11.01
DVA,LIFE SCIENCES,2023-09-30,0.982,12.89,8.86,0.343,12.64,0.862,0.0511,6.44,0.11,8.62
RYN,REAL ESTATE & CONSTRUCTION,2023-09-30,1.017,53.81,62.11,0.0439,2.861,14.09,0.0954,0.53,0.04,20.56
FNB,FINANCE,2023-09-30,1.111,7.12,8.38,0.101,0.865,1.22,0.367,1.57,0.0429,-
W,TRADE & SERVICES,2023-09-30,3.199,-,104.17,0,-,23.5,-0.0763,-8.25,0,-8.94
LNC,FINANCE,2023-09-30,1.81,-,3.618,-0.85,2.471,1.24,-0.156,-13.8,0.0818,-
COHR,LIFE SCIENCES,2023-09-30,1.576,-,30.03,-0.0404,1.167,0.34,-0.0592,-3.02,0.0034,17.51
PLUG,MANUFACTURING,2023-09-30,1.974,-,-,-0.246,2.099,-0.27,-1.067,-1.6,0.0456,-11.25
WU,TRADE & SERVICES,2023-09-30,0.869,5.96,8.98,1.311,10.31,11.13,0.17,1.97,0.08,5.47
HUN,LIFE SCIENCES,2023-09-30,1.145,-,10.18,0.0094,1.416,1.79,0.0127,-0.02,0.0387,3.652
LCID,REAL ESTATE & CONSTRUCTION,2023-09-30,1.183,-,-,-0.613,3.994,None,0,-1.5,0,-7.06
CHH,REAL ESTATE & CONSTRUCTION,2023-09-30,1.274,20.15,19.34,1.597,22.49,1.144,0.377,5.53,0.0103,13.72
SNV,FINANCE,2023-09-30,1.384,6.21,7.79,0.154,1.562,2.34,0.314,4.4,0.0556,-
CRUS,MANUFACTURING,2023-09-30,0.983,29.21,12.85,0.0837,2.614,6.42,0.0799,2.5,0.0854,8.33
S,TECHNOLOGY,2023-07-31,0.287,-,-,-0.234,2.627,None,-0.742,-1.36,0,-10.99
FLO,MANUFACTURING,2023-09-30,0.454,32.23,-,0.0971,4.231,14.76,0.027,0.64,0.0436,15.52
FOX,TECHNOLOGY,2023-09-30,0.872,13.7,8.59,0.094,1.402,2.017,0.0697,2.05,0.0185,8.35
SRCL,ENERGY & TRANSPORTATION,2023-09-30,1.184,-,21.46,-0.0017,2.054,1.952,-0.0017,-0.04,0.0175,20.21
CC,LIFE SCIENCES,2023-09-30,2.009,-,7.66,-0.302,3.736,1.669,-0.0515,-2,0.041,4.716
VNO,REAL ESTATE & CONSTRUCTION,2023-09-30,1.474,-,51.02,-0.0571,0.806,2.58,-0.246,-2.03,0.101,14.18
EEFT,FINANCE,2023-09-30,1.375,15.15,12.66,0.256,4.516,1.27,0.0773,5.38,0.0286,11.18
AL,TRADE & SERVICES,2023-09-30,1.745,8.38,6.94,0.0799,0.649,0.91,0.21,4.46,0.0225,25.27
MAN,TRADE & SERVICES,2023-09-30,1.648,16.78,10.94,0.0919,1.821,6.87,0.0116,4.4,0.0398,6.57
LOPE,TRADE & SERVICES,2023-09-30,0.639,21.51,16.08,0.315,5.37,0.928,0.207,6.36,0.0153,10.89
QDEL,LIFE SCIENCES,2023-09-30,0.332,-,16.47,0.0027,1.163,7.19,0.0042,-0.27,0.0484,6.31
WTM,FINANCE,2023-09-30,0.422,15.22,-,0.0697,0.906,9.93,0.141,99.21,0.0007,-
AZEK,MANUFACTURING,2023-06-30,1.734,204.5,59.52,0.0141,2.047,None,0.016,0.14,0,14.26
AGO,FINANCE,2023-09-30,1.077,8.74,14.06,0.0886,0.745,2.52,0.378,7.45,0.0172,-
CNXC,TRADE & SERVICES,2023-08-31,0.496,12.37,9.53,0.126,2.45,0.794,0.0535,6.67,0.0147,9.24
ASH,TRADE & SERVICES,2023-09-30,0.971,23.15,16.95,0.0736,1.841,-1.36,0.104,3.13,0.0213,13.09
CABO,TECHNOLOGY,2023-09-30,0.915,37.58,22.57,0.0405,2.236,5.11,0.0443,14.11,0.0223,8.04
COTY,LIFE SCIENCES,2023-09-30,1.897,23.31,18.55,0.105,2.198,0.734,0.0657,0.42,0.116,11.21
CAR,TRADE & SERVICES,2023-09-30,2.458,4.121,6.47,-2.731,7.14,1.76,0.149,45.55,0.0159,4.047
TXG,LIFE SCIENCES,2023-09-30,1.838,-,196.08,-0.294,5.16,None,-0.378,-1.92,0,-28.23
YETI,MANUFACTURING,2023-09-30,2.408,56.12,16.37,0.107,7.21,1.655,0.0401,0.73,0,14.1
ROIV,LIFE SCIENCES,2023-06-30,1.324,-,-,-0.774,4.375,None,0,-1.51,0,-3.172
SLGN,MANUFACTURING,2023-09-30,0.755,15.73,12.82,0.165,3.465,5.68,0.0469,2.6,0.0176,10.35
NCR,,,,,,,,,,,,
KRC,REAL ESTATE & CONSTRUCTION,2023-09-30,0.98,15.42,12.95,0.0431,0.879,2.422,0.19,1.84,0.0761,12.63
LEG,MANUFACTURING,2023-09-30,1.28,14.68,-,0.133,2.988,-4.11,0.0444,1.57,0.079,9.28
IAC,TRADE & SERVICES,2023-09-30,1.278,-,178.57,-0.0125,0.722,13.62,-0.0139,-0.81,0,-4.474
LYFT,TRADE & SERVICES,2023-09-30,1.789,-,28.74,-1.462,5.61,None,-0.207,-2.45,0,-3.372
CNM,TRADE & SERVICES,2023-06-30,0.95,14.91,10.41,0.255,2.327,None,0.0545,2.11,0,5.92
DV,TECHNOLOGY,2023-06-30,1.026,92.73,50.76,0.061,4.921,None,0.106,0.33,0,49.42
KD,TECHNOLOGY,2023-09-30,1.48,-,-,-0.788,1.449,None,-0.0669,-4.95,0,-77.31
MSGS,TRADE & SERVICES,2023-09-30,0.676,93.24,434.78,-0.123,1.57,None,0.0516,1.83,0,53.59
LPX,MANUFACTURING,2023-09-30,1.706,32.04,12.79,0.0733,3.366,1.681,0.0422,1.82,0.0165,2.762
VAC,REAL ESTATE & CONSTRUCTION,2023-09-30,2.005,10.3,12.09,0.122,2.029,1.48,0.0959,7.42,0.0377,12.52
MASI,LIFE SCIENCES,2023-09-30,0.879,53.35,40,0.07,6.08,4.729,0.0418,1.63,0.0155,28.66
TKO,TECHNOLOGY,0000-00-00,None,-,-,25.05,-,None,0,2.009,None,-
WEN,TRADE & SERVICES,2023-09-30,0.921,20.33,24.51,0.51,11.34,2.262,0.0913,0.93,0.0529,17.5
SAM,MANUFACTURING,2023-09-30,1.108,50.03,29.67,0.0756,4.09,1.482,0.0402,6.73,0.0061,21.33
CLVT,TECHNOLOGY,2023-09-30,1.204,27.38,11.72,0.0401,1.3,6.16,0.0977,0.24,0,-3.738
LAZ,FINANCE,2023-09-30,1.405,-,11.14,-0.0817,5.95,6.51,-0.0398,-1.12,0.0739,4.219
JHG,FINANCE,2023-09-30,1.461,12.06,12.12,0.0799,0.996,1.21,0.164,2.03,0.0637,6.06
AWI,MANUFACTURING,2023-09-30,1.106,16.18,13.4,0.408,6.23,1.66,0.175,5,0.0138,10.94
PENN,REAL ESTATE & CONSTRUCTION,2023-09-30,2.126,-,12.41,-0.0315,1.445,-15.89,-0.017,-0.73,0.0558,11.81
AZTA,TECHNOLOGY,2023-06-30,1.518,-,28.9,-0.0068,1.346,None,-0.0609,-0.3,0.0055,62.16
EPR,REAL ESTATE & CONSTRUCTION,2023-09-30,1.691,23.36,17.45,0.0674,1.228,2.93,0.241,1.93,0.0732,12.69
BHF,FINANCE,2023-09-30,1.308,-,3.519,-0.785,0.62,0,-0.939,-54.75,0,-
AAP,TRADE & SERVICES,2023-06-30,1.154,9.69,11.03,0.125,3.13,0.909,0.0308,5.79,0.0178,12.61
SIRI,TECHNOLOGY,2023-09-30,1.041,14.47,17.99,0,-,1.585,0.142,0.32,0.023,13.43
SPB,MANUFACTURING,2023-06-30,1.358,-,29.85,-0.161,1.889,2.02,0.615,-7.67,0.0216,49.4
BEPC,ENERGY & TRANSPORTATION,2023-09-30,0.802,2.707,35.97,0.12,1.273,1.088,0.378,8.68,0.0574,5.91
TDOC,LIFE SCIENCES,2023-09-30,1.107,-,357.14,-0.959,0.759,-1.01,-1.551,-24.68,0,-0.548
AMED,LIFE SCIENCES,2023-09-30,0.958,1165.62,16.1,0.0015,2.78,1.074,0.0012,0.08,0.0063,13.01
SLM,FINANCE,2023-09-30,1.232,10.47,6.3,0.178,2.414,0.583,0.311,1.42,0.0296,-
PAG,TRADE & SERVICES,2023-09-30,1.241,8.84,8.26,0.27,2.187,1.708,0.0397,16.87,0.0186,7.27
CUZ,REAL ESTATE & CONSTRUCTION,2023-09-30,1.192,32.02,-,0.0193,0.845,0,0.11,0.58,0.0689,9.34
MPW,REAL ESTATE & CONSTRUCTION,2023-09-30,1.166,-,6.36,-0.0038,0.803,1.93,-0.0232,-0.06,0.207,8.44
SSRM,REAL ESTATE & CONSTRUCTION,2023-09-30,0.942,11.69,16.21,0.0557,0.897,0,0.164,1,0.024,6.05
M,TRADE & SERVICES,2023-07-31,1.935,4.063,5.18,0.194,1.698,0.913,0.0308,2.7,0.0603,4.065
CACC,FINANCE,2023-09-30,1.379,16.92,9.67,0.194,3.683,1.154,0.344,24.32,0.0502,12.18
LITE,MANUFACTURING,2023-09-30,1.098,-,10.76,-0.14,2.433,0.97,-0.126,-2.94,0,10.98
NEU,LIFE SCIENCES,2023-09-30,0.377,12.12,-,0.487,4.595,5.09,0.146,41.24,0.018,10.5
IART,LIFE SCIENCES,2023-09-30,1.177,29.64,16.18,0.0611,2.828,1.348,0.0654,1.22,0.0146,16.43
FOUR,TRADE & SERVICES,2023-09-30,1.314,32.76,24.51,0.296,9.27,None,0.0424,1.75,0,20.16
IPGP,MANUFACTURING,2023-09-30,1.304,46.32,18.02,0.0341,1.799,2.52,0.064,1.96,0.0559,8.16
KMPR,FINANCE,2023-09-30,0.939,-,23.87,-0.163,1.437,4.29,-0.0755,-6.11,0.0316,-
MRTX,LIFE SCIENCES,2023-09-30,0.716,-,-,-0.7,2.129,0,0,-12.18,0,-1.69
BFA,,,,,,,,,,,,
PK,REAL ESTATE & CONSTRUCTION,2023-09-30,1.948,-,13.24,-0.0114,0.635,1.141,-0.0206,-0.26,0.0456,11.28
FRPT,MANUFACTURING,2023-09-30,1.045,-,104.17,-0.0526,2.589,-7.33,-0.0722,-1.07,0,-100.84
FTRE,LIFE SCIENCES,2023-06-30,None,467.67,-,0,-,None,0.0453,0.06,0,-
NSA,REAL ESTATE & CONSTRUCTION,2023-09-30,0.787,28.11,38.76,0.0781,2.373,3.14,0.138,1.08,0.0738,14.33
DNB,TRADE & SERVICES,2023-09-30,1.073,-,10.94,-0.0065,1.601,2.86,-0.0114,-0.06,0.0213,12.18
NWL,MANUFACTURING,2023-09-30,1.008,-,8.9,-0.16,1.496,1.42,-0.0661,-1.33,0.0409,10.01
GO,TRADE & SERVICES,2023-09-30,0.083,33.88,24.33,0.071,2.735,None,0.0208,0.81,0,26.24
CXT,MANUFACTURING,2023-06-30,None,7.75,-,0.215,-,None,0.143,6.8,0.0106,-
DNA,LIFE SCIENCES,2023-09-30,1.315,-,-,-0.635,2.461,None,-2.72,-0.41,0,-0.63
NWS,MANUFACTURING,2023-09-30,1.363,90.75,28.09,0.0205,1.388,10.17,0.014,0.24,0.0092,9.68
COLM,MANUFACTURING,2023-09-30,0.957,16.71,15.15,0.153,3.001,2.66,0.0789,4.57,0.0157,10.0
DOCS,TECHNOLOGY,2023-09-30,1.041,41.09,61.35,0.141,7.8,None,0.275,0.58,0,48.92
RNG,TECHNOLOGY,2023-09-30,0.882,-,14.6,-6.89,102.83,0.438,-0.186,-4.21,0,-12.19
CCCS,REAL ESTATE & CONSTRUCTION,2023-09-30,0.593,-,29.76,-0.0565,2.757,None,-0.139,-0.19,0,34.27
TNL,REAL ESTATE & CONSTRUCTION,2023-09-30,1.676,7.61,7.89,0,-,None,0.0964,4.57,0.0518,9.75
CRI,MANUFACTURING,2023-09-30,1.296,12.6,9.08,0.262,3.476,1.81,0.0687,5.44,0.0438,8.52
ENOV,TECHNOLOGY,2023-09-30,2.094,-,22.03,-0.0326,0.878,1.096,-0.0451,-2.07,0.196,5.79
PINC,TRADE & SERVICES,2023-09-30,0.347,13.06,12.61,0.0756,1.751,1.596,0.132,1.47,0.0438,11.1
RUN,MANUFACTURING,2023-09-30,2.442,-,163.93,-0.327,1.054,0.45,-0.506,-5.52,0,700.18
ZG,TRADE & SERVICES,2023-09-30,1.799,-,27.32,-0.0344,1.921,0.72,-0.0824,-0.65,0,-21.88
FHB,FINANCE,2023-09-30,1.04,8.72,10.83,0.117,1.459,3.05,0.325,2.09,0.0571,-
RARE,LIFE SCIENCES,2023-09-30,0.719,-,-,-2.538,6.8,-0.24,-1.549,-8.97,0,-3.744
GPS,TRADE & SERVICES,2023-07-31,1.906,46.48,18.15,0.0473,1.972,1.31,0.0072,0.29,0.0445,20.73
HHH,TECHNOLOGY,2023-09-30,1.493,-,33.11,-0.162,1.106,5.55,-0.456,-10.77,0,13.13
ALGM,MANUFACTURING,2023-09-30,1.902,19.86,26.11,0.265,7.65,None,0.236,1.3,0,31.61
BOKF,FINANCE,2023-09-30,1.21,7.6,11.6,0.132,1.548,2.09,0.3,9.24,0.0308,-
NFE,ENERGY & TRANSPORTATION,2023-09-30,1.511,17.37,9.81,0.223,5.52,None,0.179,1.9,0.0121,30.41
AGR,ENERGY & TRANSPORTATION,2023-09-30,0.488,22.18,18.8,0.0208,0.87,4.183,0.0655,1.37,0.0579,11.4
VSAT,MANUFACTURING,2023-09-30,1.333,-,-,-0.241,0.904,94.32,0.0934,-9.17,0.0155,10.44
ICUI,LIFE SCIENCES,2023-09-30,0.697,-,20.28,-0.0136,1.921,1.345,-0.0125,-1.16,0.0761,29.22
HIW,REAL ESTATE & CONSTRUCTION,2023-09-30,1.207,13.95,11.19,0.0554,1.218,5.09,0.164,1.29,0.111,9.26
AYX,TECHNOLOGY,2023-09-30,0.417,-,555.56,-2.604,22.53,0,-0.316,-4.12,0,-15.08
RCM,TRADE & SERVICES,2023-09-30,0.856,-,19.3,-0.0127,1.685,0.772,-0.0159,-0.1,0.0171,34.6
HCP,TECHNOLOGY,2023-07-31,None,-,-,-0.2,4.614,None,-0.444,-1.3,0,-9.42
KSS,TRADE & SERVICES,2023-07-31,1.866,-,7.61,-0.0251,0.739,2.067,-0.0059,-0.74,0.089,6.07
LSXMA,TECHNOLOGY,2023-09-30,1.141,9.79,12.55,0.0927,1.581,0.83,0.101,2.6,0,10.08
NCNO,TECHNOLOGY,2023-07-31,0.416,-,-,-0.0695,2.912,None,-0.162,-0.64,0,-38.31
TPG,FINANCE,2023-09-30,None,-,15.27,-0.0094,5.05,None,0.0566,-0.11,0.045,-
QS,MANUFACTURING,2023-09-30,5.22,-,-,-0.315,2.104,None,0,-0.98,0,-5.52
SMG,LIFE SCIENCES,2023-09-30,1.649,-,13.19,-0.476,18.98,0.977,-0.107,-6.79,0.0528,-17.88
MRCY,MANUFACTURING,2023-09-30,0.848,-,22.83,-0.0329,1.78,2.651,-0.0547,-0.88,0.0332,29.25
TRIP,TECHNOLOGY,2023-09-30,1.419,-,13.02,-0.0293,3.23,0.135,-0.0137,-0.18,0.208,13.93
SPR,MANUFACTURING,2023-09-30,1.69,-,72.99,-5.33,10.93,1.3,-0.168,-8.9,0.0021,39.3
HAYW,TECHNOLOGY,2023-09-30,1.088,35.42,15.43,0.053,1.591,None,0.0674,0.31,0,7.53
VIRT,FINANCE,2023-09-30,0.328,10.59,6.43,0.186,1.492,-9.42,0.095,1.64,0.0553,6.33
CWEN,ENERGY & TRANSPORTATION,2023-09-30,0.858,46.67,34.13,0.0012,1.724,3.415,0.0405,0.46,0.0739,4.821
MP,ENERGY & TRANSPORTATION,2023-09-30,2.672,25.76,26.18,0.0822,4.413,None,0.352,0.58,0,13.12
PEGA,TECHNOLOGY,2023-09-30,1.019,-,56.82,-0.346,48.09,0.803,-0.0297,-0.47,0.0027,-16.28
VSTS,TECHNOLOGY,None,None,-,-,0,-,None,0,None,None,-
CERT,TECHNOLOGY,2023-09-30,1.508,-,33.44,-0.032,2.465,None,-0.0956,-0.22,0,32.54
SNDR,ENERGY & TRANSPORTATION,2023-09-30,1.009,12.36,10.38,0.113,1.589,4.355,0.0565,1.79,0.0163,4.223
PTON,MANUFACTURING,2023-09-30,2.024,-,153.85,-8.47,16.0,None,-0.364,-2.88,0,-2.141
LBRDA,TECHNOLOGY,2023-09-30,1.161,18.22,10.96,0.0752,1.323,-657,0.674,4.55,0,6.95
JWN,TRADE & SERVICES,2023-07-31,2.444,71.16,7.07,0.0479,4.644,0.293,0.0022,0.19,0.0565,5.37
FWONA,TECHNOLOGY,2023-09-30,1.083,31.55,75.76,0.0739,1.933,-0.5,0.182,1.92,0,28.46
HTZ,TRADE & SERVICES,2023-09-30,2.242,3.166,7.1,0.351,1.938,None,0.117,2.71,0,5.92
LLYVK,TECHNOLOGY,0000-00-00,None,-,-,0,-,None,0,None,0,-
NVCR,LIFE SCIENCES,2023-09-30,0.577,-,909.09,-0.47,17.95,-0.47,-0.391,-1.86,0,-119.43
UA,MANUFACTURING,2023-09-30,1.698,7.53,20.45,0.21,2.278,1.908,0.07,0.92,0,9.02
SHC,LIFE SCIENCES,2023-09-30,2.259,-,8.33,-0.624,3.948,0.462,-0.31,-1.1,0,10.04
LENB,,,,,,,,,,,,
PYCR,TECHNOLOGY,2023-09-30,0.563,-,88.5,-0.0667,3.684,None,-0.147,-0.48,0,745.02
REYN,MANUFACTURING,2023-09-30,0.477,21.21,19.96,0.145,3.66,None,0.0696,1.28,0.0339,17.05
HE,ENERGY & TRANSPORTATION,2023-06-30,0.568,6.7,18.05,0.101,2.074,6.97,0.0589,2.09,0.149,7.75
ADT,TRADE & SERVICES,2023-09-30,1.678,84,-,0.0057,-,None,0.006,0.07,0.0238,-
UAA,MANUFACTURING,2023-09-30,1.698,8.2,23.42,0.21,2.607,2.183,0.07,0.9,0.0033,9.02
VSCO,TRADE & SERVICES,2023-07-31,1.999,8.26,9.18,0.696,15.47,None,0.0318,2.37,0,7.43
PHIN,MANUFACTURING,2023-06-30,None,7.55,-,0,-,None,0.0682,3.38,0.0393,-
DISH,TECHNOLOGY,2023-09-30,1.834,1.81,11.71,0.0719,0.46,1.302,0.0781,1.9,0.0326,8.97
PPC,MANUFACTURING,2023-09-30,0.997,162.03,8.36,0.0113,2.088,0.85,0.0019,0.16,0,4.883
TNDM,LIFE SCIENCES,2023-09-30,0.935,-,1111.11,-0.567,6.25,0,-0.27,-3.21,0,-52.0
RKT,FINANCE,2023-09-30,2.155,4.623,1000,-0.0746,1.803,None,-0.006,1.802,0,-
GTES,TECHNOLOGY,2023-09-30,1.508,12.49,9.48,0.0835,1.049,None,0.0708,0.91,0,9.48
CNA,FINANCE,2023-09-30,0.666,8.24,-,0.155,1.386,4.21,0.0999,4.73,0.0431,-
CHPT,MANUFACTURING,2023-06-30,1.801,-,-,-1.103,10.75,None,-0.658,-1.06,0,-11.84
INFA,TECHNOLOGY,2023-09-30,0.702,-,20.16,-0.0967,2.435,None,-0.125,-0.67,0,29.62
SEB,FINANCE,2023-09-30,0.482,10.57,-,0.0776,0.91,0,0.0387,331.57,0.0026,6.96
MRVI,LIFE SCIENCES,2023-09-30,-0.112,28.5,30.4,0.0681,3.951,None,0.0586,0.18,0,2.952
CWENA,,,,,,,,,,,,
DRVN,TRADE & SERVICES,2023-09-30,1.047,-,21.1,-0.576,3.004,None,-0.308,-4.25,0,35.61
KLG,TECHNOLOGY,0000-00-00,None,-,-,0,-,None,0,-0.888,None,-
TFSL,FINANCE,2023-09-30,0.577,48.04,-,0.0399,2.13,0,0.245,0.26,0.0905,-
LLYVA,TECHNOLOGY,None,None,-,-,0,-,None,0,None,None,-
AMC,TRADE & SERVICES,2023-09-30,2.106,-,-,0,0.179,1.42,-0.107,-3,0.0212,-283.69
CAVA,TRADE & SERVICES,2023-06-30,None,-,-,0,-,None,-0.0408,-0.23,0,-
UI,MANUFACTURING,2023-09-30,1.345,16.16,39.06,0,250.74,0.82,0.211,6.65,0.0223,41.21
UHAL,TRADE & SERVICES,2023-09-30,1.007,14.03,-,0.115,2.016,0,0.133,3.76,0.0028,7.0
UWMC,FINANCE,2023-09-30,1.602,36.13,22.52,0.101,2.931,None,0.0065,0.15,0.0738,22.05
MCW,TRADE & SERVICES,2023-09-30,1.302,24.85,23.42,0.102,3.889,None,0.0938,0.26,0,18.18
AMBP,MANUFACTURING,2023-09-30,0.67,-,12.76,0.0457,5.06,None,0.0038,0,0.114,7.81
WOOF,TRADE & SERVICES,2023-07-31,1.304,25.14,13.21,0.0154,1.201,None,0.0059,0.14,0,15.02
PLTK,TECHNOLOGY,2023-09-30,0.863,10.21,10.28,0,-,None,0.111,0.77,0,6.99
OLPX,LIFE SCIENCES,2023-09-30,1.852,14.5,13.14,0.102,4.816,None,0.17,0.12,0,9.0
PARAA,TECHNOLOGY,2023-09-30,1.778,-,15.15,-0.0591,0.629,2.061,-0.0365,-2.33,0.0128,5.26
ARD,,,,,,,,,,,,
ETD_USD,,,,,,,,,,,,
-,,,,,,,,,,,,
FAZ3,,,,,,,,,,,,
ESZ3,,,,,,,,,,,,
,,,,,,,,,,,,
